pid,label
27085,0.00024601452211937114
30747,0.00020763622497193103
32932,0.00016840292379480032
33635,0.0005553068195248842
33955,0.03943349757383159
33978,0.0010566106898777675
35307,0.004600543076974326
35623,0.000673085152247361
36023,0.002858659510220097
36331,9.629449872358523e-05
37217,0.0006188845444012154
37832,0.0010996948890679725
38303,0.011722669628165393
38546,0.0032952043590423765
38682,0.00011964666329013175
38683,0.00040648186002254156
38713,0.19390226781321096
38754,0.0004702221421119503
38755,0.0006420494487687272
38767,0.000668373021388245
38781,0.001983750747227079
38791,8.280985102850209e-05
38828,0.000522546377332786
38829,9.983646724410152e-05
38904,0.04377631671415266
38914,0.00017584048572179945
38945,0.0005225794961387615
38948,0.003163010196683182
39002,0.013223842876363228
39010,0.17540335498068763
39011,0.009165210135847552
39014,0.00023724874570144083
39015,0.0002527752574520922
39038,0.00023910770382218926
39085,0.0012021179609962727
39106,0.0034406781908604897
39110,0.00012903539373838616
39113,0.05936270982236251
39116,0.0809838803720342
39147,0.8147689923751182
39148,0.0004499146253507079
39158,0.0005951266529570457
39205,0.00012733795446932843
39234,0.0005726613311461448
39268,0.00017417856394780573
39272,0.011740063692473348
39275,0.0005530503023651386
39283,0.00848282714761387
39296,0.0019899553081124456
39306,0.00020931457372062629
39316,0.006959210509105113
39327,0.000151824990005406
39341,0.00010664589735463299
39345,0.0001829933160567733
39346,0.00011880789890204144
39363,6.769610605813924e-05
39364,0.0027678081829130997
39366,0.0003209828827233672
39435,5.9396289045327e-05
39475,0.00034461954114827084
39476,2.9289384673277163e-05
39479,0.09828497985540172
39482,0.00021823638738873778
39483,0.0007327718594059494
39511,0.0020257653652385904
39513,0.09985663280663133
39644,9.385228526361745e-05
39649,0.0003157704165368488
39651,0.0004985445946477258
39674,0.0009129655851843874
39685,0.042243422855850456
39718,0.0005533288147711918
39730,0.011572970905399466
39731,0.16761450109164644
39734,0.00014830630846778852
39769,0.029359749871248363
39770,0.037979111608612164
39778,0.00019693802199024368
39779,0.00019469725161761154
39780,3.705278045613071e-05
39798,0.013702552016763422
39819,0.0002845563077899072
39898,3.4877828811037154e-05
40004,0.00025448288814501716
40009,0.0015995205362036061
40044,0.0014206820618165865
40055,0.00025233975831252006
40082,0.258135038680972
40083,0.00017621880424811693
40100,0.0006036549786793764
40101,0.0001933638170413627
40103,0.007478320249506449
40142,0.005242276493820808
40147,0.0008370856613247218
40148,0.00015980114452576462
40150,0.0041357611030438364
40153,0.0049385369420888265
40154,0.0441752807511199
40178,0.0007150153941001268
40190,0.0012720029693140485
40193,0.001296611560636771
40194,0.00033913791462958636
40195,0.0007006597458920807
40204,0.0001501713984083632
40221,0.01039022037322598
40253,0.00042097094441838866
40317,0.0011339086500300392
40350,0.00019729178982057674
40407,0.4725018475459394
40467,2.5962108283696374e-05
40472,0.003548105319560902
40473,0.0001618990280875692
40476,0.0043890752124371
40490,0.000447730872690811
40497,0.00021564684312984342
40579,0.00017689051203732662
40580,0.00037208786803199774
40583,0.002504531397652778
40601,7.305287168842305e-05
40634,0.002801633377623007
40697,1.6230188639668568e-05
40718,0.0024331860280829235
40722,0.00014049522682703323
40731,0.012182009479234947
40736,0.00024014134571799978
40776,0.00890900420243373
40809,0.0004486866401532
40843,0.054902540965319484
40845,0.000618436459720929
40856,0.0008674162235534695
40857,0.05808971905270114
40869,0.00031933988151390037
40947,0.0017027036205221442
40953,0.0030420240291675073
41007,0.02475854697747923
41088,0.0012845971067551917
41105,1.774108271928538e-05
41148,0.0005157158644448998
41156,0.00013243839981572306
41174,0.000504715613972116
41223,0.047857077444498936
41238,5.5121566938356615e-05
41246,0.00034561096260056994
41254,0.00011065378584584934
41257,0.0018995366434816745
41264,0.003343603295318305
41310,0.0017961146710598894
41473,0.0006772147172116016
41474,0.0009293744446660469
41476,0.0022585337093347165
41498,0.000841917283279721
41514,0.00010398683768717401
41520,0.0022279995198889162
41522,0.006206405651052309
41524,0.009016088052930794
41532,0.003684492975903303
41548,0.018752059393791137
41558,0.0037631756270073116
41570,0.006411328175735579
41582,0.00013520040658784134
41634,0.0003450372254480765
41636,0.013284645204364728
41645,0.0021593377020694194
41663,0.0005201284165818254
41697,8.048291971476946e-05
41728,0.0002842979217955894
41742,3.1439151406314225e-05
41781,0.00010788011036934553
41829,0.0015620887978316019
41854,0.0009776011625294019
41924,8.541044638525412e-05
41936,0.006321966329612866
41943,0.06582223568371748
41974,0.03888625018466129
41975,0.0067292749900633225
41998,0.011767119912029103
42008,0.001803497645811435
42030,0.0047738287874262075
42031,0.0003415524406678571
42053,0.0001922830084229877
42066,0.00016360853882658636
42124,0.00023267314076530387
42128,7.878431951290022e-05
42129,0.0002880566211115727
42142,0.00010492304459498263
42146,0.00020796427830133818
42179,0.001987263765568699
42192,1.7782435384059226e-05
42231,0.00016436219340728998
42289,0.016794971052126934
42314,0.0001877357929577328
42323,0.0015524633339995307
42359,0.13258836309161545
42360,0.0006346189069071752
42362,0.03236912644599341
42369,0.000140579902972875
42378,0.030693622209196216
42403,0.000187022230056639
42413,0.0006462028668508296
42424,0.0001186130172312747
42437,0.002417462004287648
42438,0.01913838124028474
42443,7.21482991771413e-05
42446,0.01595992055360429
42448,0.00021518500534593686
42499,0.00012523843693785394
42509,0.00042952852943478734
42556,0.0018999286732958884
42613,0.0016896212330096932
42631,0.034127649475616306
42660,0.00015373295036840703
42665,0.00226479310251044
42670,0.000489178206389082
42696,0.05896811591531194
42721,0.0001482881985228819
42735,0.0008727356742684573
42747,0.0002140619068179054
42749,0.002225848182932937
42750,0.0004005217573674136
42759,0.00044686852142969397
42793,0.00018367454210394614
42798,0.2615640990738154
42799,0.6774455140099508
42806,0.0002531160040504225
42812,7.106460279493048e-05
42837,8.26645969538762e-05
42876,0.0001754299852544148
42953,0.013696337757525913
42955,0.0466580184021019
42956,0.000280496197751503
42957,0.0009083512391581987
42968,0.00047675016253471546
43014,2.3899213561797284e-05
43052,0.00035911182975561975
43061,3.6694843576695203e-05
43065,0.058323625741768734
43103,0.00024535575332443153
43109,0.0002534350140853319
43122,0.0006134196965762078
43138,0.08113260451316422
43146,0.00035300828192084293
43149,6.082394348895265e-05
43151,0.0002983945778362027
43153,0.00011375361164747845
43158,0.000702473853020307
43188,5.754801741722655e-05
43199,0.00012233431962286118
43201,0.0027949462294080984
43213,0.00029520409722452674
43240,0.0003740659972765065
43248,0.0027180635555637813
43276,0.025576135301115927
43284,0.00016175375301854533
43315,0.003763275816202607
43384,0.0042559338635190435
43388,6.9732750852142e-05
43396,0.0014952863940722678
43413,7.510162344114625e-05
43463,0.0006676900293355555
43501,0.703733829614895
43539,0.00015812262594899724
43556,0.0017342711550534368
43559,0.0005363051532305575
43562,0.0018494897961974827
43563,0.00013938157426083225
43569,0.0006288474607284853
43570,0.00014377884650279603
43571,0.0010632178396722694
43575,0.0002911264165790327
43580,0.0063429537503628085
43587,4.936257337255965e-05
43593,0.009818815526856968
43602,0.0003634927814690965
43605,0.008210574911120259
43612,0.002779409597190398
43622,0.0002783534005060549
43629,7.970170790764152e-05
43652,5.35080712173435e-05
43661,0.008742427450855354
43664,0.0003902795262536112
43715,0.0017335933832423977
43736,0.002533249695099519
43746,0.0010339971589509072
43771,0.22353341863238962
43774,0.00024596181327491703
43818,0.0003350904573356985
43822,0.0001164308995938063
43837,0.0002212384440835531
43851,0.00019391574631782835
43871,0.0017462995097775357
43872,0.02209481666931043
43874,0.0002427150316882899
43986,0.00021839956485712926
43991,0.00022538074802516786
44022,0.00024242384819662792
44024,0.04439667722667397
44032,0.004205349073770376
44033,0.0012795361141479471
44043,0.0064007105435716855
44059,0.00017050476252487948
44156,0.00036603930515548397
44195,0.00014144592306243652
44197,8.93177449495556e-05
44198,3.832501913916051e-05
44202,0.00017465509291520481
44203,0.00013136670538235442
44211,0.0003611523680872084
44212,0.0009422636628385556
44214,0.0001397657147219352
44215,1.0569167112755442e-05
44216,0.033882076308853
44218,5.936061539787033e-05
44219,0.007784716250329555
44222,7.254761690956738e-05
44288,0.0034449227045157483
44294,0.00013422432687566933
44306,0.000851516945896932
44310,0.005736169725674081
44311,0.0010945003099778238
44312,0.0022779940282835445
44314,4.115084026358032e-05
44324,0.0062693631279042575
44325,0.0192166929298612
44326,0.0001639086605936165
44327,0.0041479495223856085
44330,0.0002707092653159743
44332,0.004960254700114169
44338,0.01670970469467229
44344,0.0012961473258244576
44345,0.0046008444273417095
44347,0.0011744763892725944
44348,0.0001578050043892882
44350,6.491743336918607e-05
44412,0.013015801845437975
44417,0.002123876597637352
44418,0.01924025990138016
44419,0.00275247602716234
44420,0.00020607811957433985
44421,0.0410875367963221
44423,0.000523671138470035
44510,8.79546360341155e-05
44511,0.0001268335657714403
44513,0.0002946813326552348
44517,0.00037486692292716943
44541,0.00606702374122295
44542,0.001269992532340171
44545,0.003939954338213467
44546,0.00018147520331131533
44613,9.106492051465237e-05
44624,0.0017975494703650267
44628,0.0005146682172591893
44658,0.008303603315038505
44685,0.00030336254529101465
44693,0.0008477788205629508
44694,0.0004310318233725886
44696,0.00021498139536537094
44701,0.0019185497587149852
44703,0.011133125038081088
44704,0.0022073490224700045
44705,0.00037107677312889475
44706,0.00019548797107140015
44708,0.000811945363921984
44709,0.00043693468818673735
44710,0.004909207586828492
44711,0.0007606143039228747
44716,0.00015561169044398838
44717,0.0014863284509317829
44719,5.088465018993002e-05
44721,0.0002443227328850711
44722,0.6776915210715226
44747,5.916895305390334e-05
44749,0.28224135867605227
44751,0.0012158007312896792
44754,0.001509745794919033
44755,0.0005542119682038491
44756,0.0017459350856875355
44757,0.00045898143756632233
44784,0.000330581851431703
44786,6.876205202073442e-05
44791,0.00378671885176017
44792,0.0011230939012109957
44794,0.0001114123989378992
44796,0.004656608575825694
44797,0.0002137399188718116
44799,0.26512534175920066
44819,0.003668420530100353
44827,0.00031894906448751424
44828,0.00019639499993227881
44845,0.28665264961327885
44846,0.017626387693631923
44848,0.0008370433777318052
44849,0.0005391003462499906
44859,0.5250555499914712
44861,0.004364984966850898
44862,0.00028454957607456125
44864,0.0003426238157882238
44865,0.42740344587756446
44913,0.00036918173095768804
44920,0.0003906849922713377
44922,0.00010632460495135077
44937,0.0022471041548198963
44940,0.001737182976423429
44941,0.000142474316423491
44943,0.0033414693771218304
44944,0.007057389679482164
44947,9.581801533869343e-05
44948,0.0018297547176473086
44957,0.0002072713560625748
45017,0.0011795658177346804
45021,0.0001669064891287463
45028,0.23337070931016424
45032,0.0005355830074297698
45034,0.0067507757508643755
45062,0.00017633721674767923
45063,6.235430999193392e-05
45066,0.00032115899721679
45067,0.0031836337502749203
45068,0.0004983838417717832
45080,0.0013499023387828568
45081,0.05770943121786341
45082,0.002856161706956669
45084,0.00034370581172898164
45086,8.306564512445636e-05
45089,0.051512991705464015
45090,0.012552980327603326
45105,0.0011670411436618745
45146,0.00338306664413141
45147,0.0005834722410283292
45181,0.40354113283393483
45184,0.00047814060293097733
45187,0.34415301798839765
45190,0.9924807993423687
45227,7.13864609086715e-05
45232,0.0008149483195114065
45240,0.00153363922658033
45251,8.316285291069662e-05
45252,0.0014428482229533349
45253,0.0001987152255973679
45254,0.0010406427867927148
45262,0.006555056763470405
45264,0.0015491059044316035
45266,0.00016022084570252313
45267,0.00023212993716629788
45268,0.0026116710601204497
45272,0.00012902392764856728
45279,0.0003745793623157285
45286,0.00753293708211192
45289,0.00011524687045074322
45304,0.0001695221300867829
45305,0.0008294607570576655
45309,0.26702291855819715
45310,0.0005727717900896262
45311,0.0075197641585617704
45312,0.0006650774846967853
45314,0.0012464823455506377
45343,0.015960280220914884
45345,0.009448963145189632
45347,0.0016023259825952208
45352,0.0009848821593787024
45354,0.0004908468259768549
45359,0.0023922768576569225
45389,0.0001318508610237709
45394,0.5972187089719039
45452,0.0007222595431352166
45455,0.00016432764485838582
45459,0.00020527457424149992
45461,4.1998355394896956e-05
45463,0.00034268706673964007
45472,0.011741269776187033
45475,0.00010299222300356516
45476,0.00017927816827377564
45477,0.00019405563648946297
45478,4.765331463111937e-05
45479,0.006791575039684042
45480,0.00012107355475194134
45481,0.00018352469399248212
45482,6.529332147432223e-05
45492,0.00010295301465196276
45520,0.00023233235225676778
45524,0.0004004137091931709
45526,0.0002768592860003597
45528,0.0014708591518921797
45530,0.0027086638672532697
45531,0.0005267241297042691
45532,0.0013782433910615247
45533,7.011504050112089e-05
45534,0.00036916250769358934
45535,0.00027356970520286137
45538,7.874910646559006e-05
45539,3.955108635954541e-05
45542,0.005303739564622066
45562,0.00042057220729135045
45566,5.509773994666879e-05
45568,0.006756319603570593
45571,0.0003351673182525077
45572,0.06715167086703237
45589,6.499149807566834e-05
45619,0.11859533150837052
45629,0.0011536760680488384
45642,0.00016606389112047948
45644,1.064727124104e-05
45645,0.0002905498325617107
45646,6.745332700988343e-05
45647,0.0002535770755074391
45648,0.00013603276191957747
45692,0.003772475081946315
45693,0.03780411350736593
45695,0.00019547870750488092
45696,4.4263600242916595e-05
45699,0.03526270384479767
45700,4.561238602466243e-05
45705,0.00011952791811578779
45731,0.0019252274215068748
45734,0.13462436411173934
45736,0.0005460851815037864
45744,0.08122584987942791
45745,0.03906160561733582
45746,0.000678659752060766
45811,9.203103412813089e-05
45814,0.003260788176984724
45815,0.00014134377722315966
45817,9.527116001183248e-05
45818,0.0016470042543159957
45825,0.004520010581848796
45828,0.015846459191900263
45830,0.0005497483060368536
45833,0.0004480057803052736
45834,0.00015680673823369884
45835,0.0005384251243004132
45838,0.0006141844973647807
45841,6.391408327288247e-05
45843,0.00020812862925942289
45850,0.000327055591819107
45853,0.00011379271531104396
45854,0.0011102991743017214
45864,0.062174192878475525
45896,0.013447669299637125
45906,0.00038204055744218713
45909,3.395261655832837e-05
45911,0.002974866757417302
45912,0.0058926779399041404
45914,0.016340232690665486
45915,0.0011225184337835467
45916,0.0033233836323439316
45925,0.0003078737980141114
45930,0.0010397930683265213
45934,0.0005820732706042493
45936,0.0005416949920322578
45937,0.0224984858835842
45951,0.0005761185350009523
45994,9.354666037966446e-05
46004,0.0029410250800754076
46006,0.00019384534554030606
46010,0.0003653243453739928
46023,0.000586179254902272
46050,0.007193927287485409
46052,0.00042100774008812375
46055,0.0002410390888638295
46089,0.0032401174173366785
46092,0.00012763223730582923
46138,0.0036240437004146837
46142,0.0011834991402606362
46146,0.0010515629026649812
46150,0.022503162345087747
46151,0.0015336022787951467
46153,0.0010705123703483867
46154,0.00022036958186550951
46158,0.0003600014343112079
46159,0.00030470574406810374
46161,0.0029143664118030863
46163,0.00043481927636394743
46166,0.0011312740878818808
46168,0.00037920698990294297
46170,0.0004056314579819218
46172,0.004365513248804677
46178,0.06461690641066908
46179,0.04576873123162672
46261,0.0035194058328563748
46263,0.01213176261532094
46265,0.00016024656021669786
46267,0.0004176006137219186
46268,0.0004209020395527361
46269,0.0004216344331709886
46270,0.042789492468519236
46272,0.002149443596655803
46273,7.649768093359267e-05
46276,0.0004371167661612438
46289,0.0013100388107183546
46292,0.00513838802841004
46294,0.004300909929451076
46309,0.003532639621757934
46316,0.00027916654119933146
46348,0.0019788636559651285
46349,0.0006240268839441818
46352,0.0004776342976271414
46354,0.003937143198403429
46356,0.0010328165155127555
46357,0.01319136670913246
46358,0.00023220196875517113
46362,0.0008305479539470698
46374,0.002231975303151529
46376,0.0002819769537033346
46382,0.0006536915043186052
46400,0.0006758804171267149
46403,0.0014583408867903595
46423,0.0021249915501606815
46427,0.003883757952779857
46431,0.00018267671629273706
46500,8.196746862217483e-05
46504,0.17841381209347362
46507,4.4341641279585465e-05
46509,0.0074015685368093885
46552,0.0009936483144961322
46558,0.002567134584174193
46564,0.00040474757148258094
46567,0.01590098956521439
46568,0.0020795608596337906
46569,0.0235920077999831
46573,0.006242391634091145
46583,0.00021673894468280966
46593,0.04709074542688833
46595,0.2736432208460182
46596,0.0001278022666048163
46598,7.01694491309405e-05
46599,0.0014404689580587576
46600,0.06429008212641431
46645,4.448318437650895e-05
46648,0.00018430051033066762
46651,0.0014061638360372227
46652,0.013171891418867872
46654,0.0001806275059590292
46655,0.00013103756385281483
46713,0.0013020904244007221
46714,0.04141583032643256
46718,0.0057497526963882495
46769,0.0008823307104246568
46770,6.260639515804695e-06
46772,3.9630803381031295e-05
46787,0.029904308668431096
46789,0.00028664162724052294
46793,0.0004479599471754887
46810,7.734904797758898e-05
46814,0.00013429376946205786
46815,0.00037600328906988974
46816,0.00023440819806929027
46832,9.877549958242048e-05
46843,0.0004919074061524258
46844,0.00034989655272324736
46888,0.000306038445838125
46912,0.00032350427767741054
46913,0.00036218200125328297
46914,0.0019402244432434107
46916,0.0031265892100046135
46918,0.00011823464076783286
46923,0.0002613904080396531
46973,0.00032728045652154826
46975,9.042651765892219e-05
46982,0.034528342284321015
46985,0.0007006792772091097
46987,0.00012268979252851893
46995,0.00016858895314576008
46998,0.000653929986399713
47006,0.00043687308201066286
47010,0.00036202100022182784
47011,0.0023909133820609937
47012,0.891619061512772
47013,0.00040004047026300003
47026,0.004257263790242902
47052,0.2790204011277456
47057,0.0006695581725160651
47058,0.7200670221241277
47060,0.002430757837148034
47061,7.447747552357203e-05
47099,0.0027013883818483276
47100,0.1261196866378017
47101,1.957445480098097e-05
47102,5.741365229072416e-05
47104,0.2843746226644418
47106,0.03771510269386443
47176,0.00016236064219487303
47187,0.0010066355909663619
47188,0.027340173683331817
47189,0.00027254147612326696
47191,0.0009002887282641633
47192,0.002605611384914443
47194,0.012047621175956319
47195,0.06917194509676804
47196,0.011479590608438252
47198,0.0001046612480699809
47201,0.0007851194451105713
47202,0.0029203683682834424
47204,0.0019011109309859384
47205,0.0002884611221652746
47207,0.0007356547294407657
47210,0.0001805240166321037
47212,0.0017667451227186507
47219,0.0008984840026257321
47220,0.021446618477561373
47223,0.00034426160635187263
47224,0.04208573462973608
47228,0.00011257899744740472
47235,0.0005000973636549526
47237,0.015174138661520035
47238,0.0025882146525817063
47239,0.0006626074379992204
47294,0.0011031427657393626
47299,0.0030112150313537783
47324,9.96704313140721e-06
47326,0.0004356746188380527
47329,0.7633413301612129
47330,0.00010756330300481311
47331,0.00011683350022151213
47357,0.6701282942345199
47404,0.007945569862700562
47405,0.00023405094487745633
47407,3.5595712390093775e-05
47408,0.00045659941157762064
47421,0.0014935549388254653
47422,0.000840511777239643
47424,0.0024394205260656375
47425,0.0009748572957628686
47427,0.0002274387567707318
47428,0.00046574837890393214
47430,0.05775995198284779
47484,0.00013107016867921806
47485,0.05470410705687745
47491,0.05229828284268719
47494,0.0002255067873122581
47506,0.6088503021271864
47507,0.0011312982835711876
47508,0.0074168197709768135
47510,0.1755672724101991
47515,0.0016293764087362684
47549,0.053103611720143114
47550,9.329960401694649e-05
47566,0.004430732065725416
47568,0.00015991956839765418
47578,0.024266386296156708
47580,0.155798533325823
47581,0.021466446873457272
47585,0.0007299129857819035
47590,0.0003252460733098387
47592,0.00021314503854050144
47593,2.065301873079476e-05
47600,8.340631002354509e-05
47601,0.0010811059920503758
47609,0.0013587277927293146
47637,0.00622744273882778
47639,0.3096180700549529
47640,0.0011357561600282146
47641,0.014003716573307805
47671,0.004653619914965211
47672,0.49783357911076176
47674,0.02102358927368086
47675,0.0001777986485902754
47676,0.0002624068686836812
47678,0.0001048058944627209
47679,0.0004892799794658543
47689,0.004811862482492513
47690,0.0013425540865133444
47751,0.006377841660002388
47769,0.0012030709988951587
47771,0.0001731795130361547
47772,0.007218185137086233
47773,6.781741186383121e-05
47774,0.001999138517871073
47778,0.003965066677536431
47780,8.518363040407764e-05
47781,0.0013106597097325035
47782,0.013490843650680316
47827,0.0003863266412839559
47843,0.0007433508746087657
47889,0.00032580198154776583
47891,0.0004398863076928151
47892,0.02411560091162554
47898,0.05146268386778605
47899,0.0009054303363375257
47901,0.00042486022755888585
47902,0.09917391167742938
47904,0.008447817539063823
47905,5.315729542705545e-05
47909,0.023096407762213868
47911,0.00026033095467493174
47913,0.0009539908989796512
47914,0.0003600712368428163
47918,0.7768568469070443
47972,0.00016308086288342714
47974,0.0001135226373362801
47976,7.087131007094697e-05
47979,0.0009450735248813256
47980,0.0016829017708932536
47984,0.0013093459849478344
47996,0.6207674090641631
47997,0.03171104956020679
47998,0.01431785794278704
47999,0.0032478131995255246
48002,0.0005680578289060803
48003,0.0001669005803618173
48004,0.18560865567194348
48032,4.06594252099312e-05
48036,0.0006739287863736748
48044,0.0002377448815804488
48051,0.0007506470307461897
48075,0.01958471052887391
48080,0.00040731846760174876
48083,0.028798316373186254
48087,6.502995087258539e-05
48088,2.09631895069061e-05
48091,0.0008627270861811666
48097,0.001464435208106347
48098,0.0018909290958043072
48099,0.00041381187776670685
48114,0.0010262547643433068
48120,0.0006351714071547438
48123,0.009546065554296448
48125,0.00020898065384760732
48145,0.0003748426155946424
48147,0.0004066279186344186
48150,0.0001316338446472162
48153,8.551992312765471e-05
48159,0.006219267223032706
48164,0.001859503264054035
48168,0.018073149992500526
48170,0.00255508377399227
48171,0.0029009787618859716
48176,9.533048504659448e-05
48177,0.5832819431517475
48178,0.000722221706891383
48179,0.0073556044981087434
48182,0.011694033379692879
48183,0.005030760025863926
48184,0.1931176862424519
48186,0.0015521813790770004
48187,0.00274696007254703
48212,0.0002687033258064568
48215,0.2516216162994973
48217,0.001312009212429867
48218,0.11601817418887292
48219,0.481246061076928
48260,0.00372192417646201
48263,0.0014741623493464528
48280,2.077789216999533e-05
48285,0.00016393035711802098
48287,0.00014348053842978825
48289,0.00047158390430763553
48295,0.00027678624195653586
48297,0.0007352336136339906
48298,0.0009030940056512671
48318,0.0002477436021855486
48368,0.08671308714736281
48372,0.03517411645805061
48376,0.00040954245805394394
48377,0.00022208275389759994
48379,0.00028842292151186577
48402,0.00015652421155721276
48427,0.6298643697226536
48432,0.18741231225630428
48433,0.49101150254496306
48434,0.0006911086731066658
48446,6.392714947567302e-05
48454,0.005826289245389469
48475,0.0007226392910790548
48486,5.924730117375166e-05
48489,0.018485898211026357
48492,0.0004171059587785163
48494,0.00022057869724641965
48495,0.0008805276062542017
48510,0.002638455795020827
48515,0.001318788853666126
48517,0.0013521219469342098
48524,0.05335610895517667
48538,0.0003005801372325915
48571,0.002182792128078481
48575,7.109961767772553e-05
48576,8.390430594513795e-05
48580,0.005400700657997226
48597,9.205020582313752e-05
48612,4.92679139061218e-05
48616,0.0002552516391132801
48618,0.00020707194042024759
48619,0.0001674512232530706
48621,0.008109448592370817
48658,7.775379441292735e-05
48685,0.06098243298302699
48728,0.04630556463583435
48732,0.2578212206449164
48738,0.0006396388969648846
48741,0.00012595988431668323
48742,0.00010932595541844126
48743,0.002139005611100878
48748,1.654341560321106e-05
48762,0.0001987391330774888
48763,0.009898661310996244
48778,0.14105533209329815
48780,3.351068182529043e-05
48787,0.0003738971150682474
48809,0.008983217872523186
48812,0.00031122679720305065
48815,0.00024459337018992687
48816,0.00030704056638827283
48817,0.0002239485416953846
48819,0.037121139867860975
48821,0.004989362777115185
48824,0.0024182142790953307
48832,2.404133107237188e-05
48838,0.0011697913967108615
48839,0.0007568356400814091
48845,0.00020649889447243118
48846,0.0005361227993494666
48904,0.0014800280332801538
48911,8.174800024533666e-05
48912,0.0008655550069183553
48914,0.001478067305350134
48917,0.00015762584740515662
48918,0.00015266898484460095
48923,0.7013630776805007
48924,0.013633283513306256
48926,0.0006237580698719744
48927,0.10108823623260323
48929,6.387647959602908e-05
48952,0.00010988583026064886
48953,0.0004212790500501255
48954,0.00023851380412565217
48955,0.06443752514248521
48956,0.00010294560126014477
48957,0.00011080192703585871
48967,9.753688807196735e-05
49007,0.0002850235604585785
49010,0.0006848576986777323
49012,0.00032315685437389304
49014,0.00044506477334160853
49015,0.00011533611866420927
49016,0.000203401470377328
49019,0.002190597048291253
49024,0.00021246394047267278
49025,0.003063108236875482
49028,0.021818235320354807
49036,0.00019419082475056383
49037,0.0009053681627973726
49039,0.005634109619394926
49040,0.01011883845645407
49044,0.0012289929513244254
49147,0.0003502939508352625
49178,0.005703252655855324
49181,0.0007256170567097142
49182,0.0856847793458281
49183,0.00031580737108547786
49184,0.1456751233274033
49186,0.603761177065117
49188,0.20333629455766616
49192,0.0004988574351222055
49193,6.580256527735322e-05
49194,0.002052932908657731
49216,0.014346373218474241
49218,0.0007697998726900936
49236,0.00432925831850484
49244,1.867405620579289e-05
49245,0.003931095186702737
49246,0.005205179583718063
49250,0.00033521489918480096
49262,0.0021160150458002978
49265,0.00023817116863748502
49267,0.004967421225943932
49268,0.0004706285916208302
49270,0.00034394236802901576
49271,0.004696899571001623
49273,0.0272613585388585
49276,0.13226739360482076
49277,0.031508630034863615
49278,0.00015115462458085724
49279,0.0007422908184448564
49281,0.0025967172037771285
49287,0.000589993434770412
49373,0.011334325154116441
49374,0.00025458796693555134
49375,0.0035064463089362237
49376,0.0010453147599796394
49378,0.00011246322802826345
49379,0.021506872212151307
49404,0.005303112619938321
49405,0.001932729638709977
49446,0.00021249479430862774
49449,0.0029218235708957496
49450,0.0009989352850010332
49451,0.0006067082806138328
49452,0.00016572033386791395
49454,0.0001826961347864666
49455,0.0003077992340730947
49466,0.0007103191696009073
49469,0.00036426067845021445
49473,4.927586689618201e-05
49474,0.004096858018489129
49475,0.0008230724975009206
49476,9.075813838931284e-05
49477,6.30228090441294e-05
49478,0.00022363463189687752
49480,0.0011888421366882953
49481,0.00022443138156330193
49482,0.0001122951020223711
49484,1.8322717583374498e-05
49511,0.001075890924862818
49529,0.0005297573737388857
49540,0.004668743896442576
49544,0.02750177700828484
49545,0.0003033210689986387
49546,0.0008282350033148114
49547,0.00045479823913339073
49548,0.00044019279897578864
49558,0.00028198652079107565
49587,7.605457109390864e-05
49588,0.0005701334075662712
49591,0.3166951013958478
49641,0.00017484006898105232
49644,0.00010675355536080628
49654,0.00015687229450981244
49670,0.000124461763517949
49674,0.0003288369672047833
49675,0.00015685315981781733
49676,0.0029070122968869153
49679,0.0007193219911906508
49686,0.02432087464202044
50173,0.00014814598985280953
50178,0.00010574328899418827
50179,0.00049539508598492
50182,0.00966631870000342
50187,0.012807589987409006
50189,0.0005461037737779628
50190,0.0005636242814875566
50191,0.0003414419102256242
50192,0.00032088200522834546
50194,0.002230894634415269
50195,0.000285660400140445
50199,0.0002723604126336698
50200,0.0008943641666478498
50201,0.0279769597664992
50205,7.327370455490799e-05
50206,0.0008566103736598813
50207,0.001269974444377708
50208,0.0004968673227393124
50211,0.004827887956227319
50212,0.00016451561224089097
50217,0.0005346011933318367
50220,0.0006784546523096386
50225,0.0032219395199455207
50226,0.0007899127392388931
50227,0.17348783354272296
50228,0.00041462770007175587
50229,0.0008900522791616635
50230,0.0002516008798291059
50232,0.014560878658947306
50233,0.0006217065081619282
50234,0.015258700504541721
50235,0.03602133939859738
50237,0.11020968810795434
50239,0.006836099424330883
50242,0.006394933905269183
50244,0.0005440703741296539
50245,0.014893731398701614
50247,0.000720695825414313
50248,0.0010935813983743207
50249,0.0013537925053977112
50250,0.023452926472448822
50252,0.001081785361800256
50253,0.006750130374872652
50254,0.01028594464680001
50259,0.011268604431937808
50264,0.01799579150198936
50266,0.0002958541218914493
50267,0.0009350360806022991
50270,0.0007394900227673047
50274,0.001321354252670871
50276,0.08523762102428846
50277,0.00036109414914728085
50286,0.0019385064400255195
50288,0.0010206123492491803
50290,0.01583759075576181
50296,0.0006333935002221025
50303,0.0006169828822081584
50307,4.1451437524953936e-05
50312,0.000951136515718826
50313,0.030463020017947283
50316,0.00030254238970107777
50318,0.0007700111172004535
50319,0.00037644917572879344
50320,0.0003140252112740792
50324,0.00035628616056768007
50325,7.778774878939021e-05
50326,0.0004937052914994508
50327,0.004642256593010554
50334,0.000829087367688189
50339,0.0007099877897897127
50342,0.0020936214282671122
50343,0.12296474551886041
50344,0.02376768546050065
50352,0.028582865190280807
50353,0.013033097803865962
50355,0.0004748666281725407
50358,0.03433661964896957
50366,0.030284913798202816
50367,0.00121323875002425
50368,8.232200603468083e-05
50371,0.001516187103245789
50372,0.0002639399361495856
50373,0.07115881144872453
50374,0.12597183987790406
50375,0.0003588533213595967
50377,0.0120014323391505
50379,0.042695795750830365
50382,0.0011875788286911737
50388,0.001484760455650918
50390,0.0015342015798374526
50396,0.3428427841749807
50399,0.0014749824092469312
50400,6.962838679037664e-05
50402,0.0002489345583496739
50409,0.0003257993490905106
50412,0.08289828156840509
50413,0.00036834067771764317
50414,4.429384093104638e-05
50416,0.0007889651320692992
50417,0.00025202308581842933
50422,0.02648212800852472
50423,0.0032017404081687915
50425,0.02308412003072432
50427,0.0010019147835726096
50428,0.00022993178225066963
50433,8.821814237239622e-05
50434,0.0027040716895404466
50436,0.00010806184353977573
50437,0.024355534644822388
50440,0.05704498632626179
50442,0.001179180086400681
50445,0.0002443118617532122
50446,0.0002447709604906178
50447,0.0012717993830475523
50448,0.0005621688165455708
50451,0.0013313422960779945
50452,0.0004917609755711488
50453,0.0003311115538074222
50455,0.005865003883260942
50459,0.8884350859581418
50462,0.0008005886414471919
50465,0.002055771730974552
50466,0.1426441440332065
50468,0.0005320226152508265
50470,0.26987326602569706
50473,0.00016033991171728553
50474,0.22546122468436608
50475,0.002231895267399693
50476,0.08968083943268701
50479,0.0002726791861109351
50481,0.4450679276369792
50483,0.0004069351394356253
50484,0.8255862431556421
50485,0.0009481943916647873
50487,0.00038937222443911424
50489,0.0011850994768037634
50494,0.0003362862445653091
50495,0.002027959461178473
50497,8.39077907910071e-05
50498,0.5327120001950008
50500,0.002927954159454415
50501,0.024580661045884387
50505,0.0014368835185168348
50507,0.06738367751955306
50509,0.00033459262701174936
50510,0.0037243087747834487
50511,0.0118936904818648
50512,0.06794634253836529
50513,4.838084689046804e-05
50515,0.01668619081747749
50518,0.00032231219618125494
50520,0.0007838421757070206
50521,0.0009451669523660754
50522,0.13461426695762407
50526,0.0003354684856709691
50529,0.0003363053128533773
50530,0.000461369294704144
50534,0.0005473060957558592
50538,0.0007371445166720727
50540,0.004335906469069588
50543,0.00022785640682100182
50550,0.0010874574556022872
50552,0.00040207919856914893
50553,0.001116187832651001
50557,0.16828206123162637
50560,8.052392965718264e-05
50566,0.009847991835938158
50567,0.001358026393053305
50571,0.04599055788997193
50572,0.00480973519953704
50573,0.00028765853829737666
50576,8.246518605059183e-05
50577,0.03049384858940574
50580,0.0011526017524509905
50581,0.0003485958163128933
50584,0.0010276700073634428
50585,0.0004011432752840968
50586,0.0014328061645098795
50587,0.0012697110948062522
50588,0.00014783552690012403
50589,0.02098953147399463
50590,0.06367275418227035
50593,0.001575372982628816
50595,0.0007139681799418455
50596,0.07042873208630414
50597,0.011700888966821147
50598,0.0005077294452642001
50600,0.0001291839836069347
50605,0.8867705184121316
50609,0.2873660418910403
50611,0.004744387076020109
50613,0.00011767627642808195
50614,0.08489728344167506
50616,0.008653931346529408
50617,0.0003230749418518167
50619,0.0008035980138969342
50621,0.0006870201062066241
50623,0.0004274553138155148
50624,0.003107116336076743
50626,0.00023589173787634426
50631,0.0004194162806789761
50632,0.0006632760276226015
50633,0.0005797304855551922
50639,0.004096522023210642
50642,0.00048287254164710767
50646,0.0006554509767973497
50648,0.00021360576636492276
50655,0.00031000814172825784
50656,0.00041616442951975696
50657,0.0017336651299503336
50660,0.0007241445455645036
50661,0.0009944326743454971
50663,0.001273552482154523
50664,0.0044722693185609945
50671,0.0012012485839832535
50673,0.00028311120367710595
50677,0.001806422386975484
50679,0.000993324959379045
50680,0.0004915372624019338
50682,0.03290481092607012
50683,0.000630747770234513
50684,0.0010031981192370118
50685,0.02629327690431609
50686,0.004791917929988386
50689,0.0031327021718599132
50692,0.00015512311403967932
50700,8.043456927278646e-05
50702,0.0007800612589679698
50704,0.18835285653010503
50705,0.014406419242339008
50709,0.0002441802629821155
50718,0.00011923331581650114
50719,0.00041185110417943344
50722,0.00045184629173015994
50723,6.648226997030225e-05
50724,0.0011779121698306115
50727,0.0007986489622991397
50728,0.0022026130538081354
50729,0.09453280318191497
50733,0.003300003835202521
50748,6.225886936225223e-05
50749,0.00012963804667650815
50753,0.000281506046740259
50754,0.0005545000658394375
50763,0.00029308461271059904
50765,0.025434629700478356
50768,0.0711090038762446
50770,0.001910571871777365
50773,0.0010628456963042757
50779,0.00014871854817651367
50780,9.040717325129152e-05
50781,0.00024155713064197816
50783,0.0002638592194357538
50784,0.0005569455418830019
50786,0.0004042843950758252
50788,2.400722521346152e-05
50794,0.07139928842214321
50795,0.05289324546827874
50796,0.04435943081640689
50798,0.008318045537409805
50799,0.0031427761075557285
50801,0.04422105248053376
50803,1.8818646493514526e-05
50804,0.00024887311387822444
50808,0.0005512522771723118
50812,0.00019064823247605552
50813,0.0002847728325962413
50815,0.0013314326186078427
50816,0.001007313902091825
50817,0.0007132522694918122
50818,0.5384090442137679
50821,0.028912408473313028
50823,0.021299570756636348
50825,0.0007167192037041912
50827,0.0023712475021913123
50829,0.00010222279235285592
50830,0.01993526433813546
50831,0.0018424599605419633
50833,0.00027951152757988356
50834,0.0005903095516697698
50836,0.01594260270389239
50838,0.0021519049894048437
50839,0.0014633345654946378
50843,0.0007329172588501952
50852,0.0032785576535252674
50855,0.0010087093327976863
50860,0.47676468469368716
50866,0.0005185735157291333
50869,0.13236928812033374
50871,0.00034404851069219416
50873,0.4768566950155264
50875,0.00021547013644179915
50879,0.0028611499228731853
50880,0.002043223765405966
50885,0.0009819840211378402
50886,0.7819220732851587
50888,0.00023268787960554032
50890,0.00017092130060782703
50891,0.00014245646142729222
50893,0.0005168027605152092
50897,0.0027488626715417635
50899,0.0014354703912603972
50900,3.090385956452635e-05
50901,0.00021130746285925476
50902,0.0008831324388528215
50904,0.006662146241093535
50905,8.74084930520372e-05
50906,0.00023944181161019503
50907,0.031902043488109884
50908,0.13241734866158156
50911,0.0012186816164903222
50913,0.010517678553348484
50917,0.015242298357090206
50918,0.0013580689977962092
50923,0.001167916359202741
50924,0.0027244967772835265
50925,0.026413299914271132
50928,0.0001282838639251669
50933,0.5180162055617078
50934,0.006021069770084146
50935,0.002454389928445918
50937,0.41294712858684146
50938,0.00029612675443236507
50940,0.014982088399821493
50943,0.09867324851140091
50944,0.001925158775879924
50945,0.01105505484786417
50946,0.003173865400235339
50948,0.3362556598020569
50956,0.005485522626795794
50957,0.0021538872707429803
50960,0.0054372299895476
50966,0.00013604308305190392
50970,3.3452024870406716e-05
50980,0.0006195765285566312
50987,0.00062434502916326
50988,0.001237255471693534
50989,0.00024790350637949514
50990,0.007783355545519996
50991,0.01267319873238368
50992,0.0009034651247491319
50993,6.771144320066557e-05
50994,0.0002711290353019092
51000,0.000434191561430548
51002,0.0018930933709062157
51003,0.001349394048600103
51012,9.979816729159333e-05
51021,0.0009276288261759243
51022,0.002882850487708889
51023,0.0015267755733611164
51024,0.007608450741521017
51031,0.0006039433442467216
51033,0.1527274542882526
51035,0.00027135813491817014
51036,0.0005248920786547167
51039,0.0015593287757534892
51041,0.016805206434850745
51042,0.005997008859343938
51043,0.0032003468269855002
51044,0.002408175540003688
51047,0.00019669845383726514
51048,0.0009687535558920344
51050,0.06302479853731584
51053,0.0025081944111902633
51054,0.20042831495899985
51056,0.0047191548575391115
51058,0.00010283692556653799
51061,0.06941407605680387
51063,0.00047002014247344567
51065,0.00048245811271326245
51067,0.0013974006849454984
51069,0.07198146140580419
51070,0.00026757108286005094
51072,0.008476388748865377
51075,0.08774274888738132
51076,8.559818482604267e-05
51078,0.007744830908293037
51081,0.007589769710620239
51091,0.02495743974106179
51093,0.006622869132102856
51094,1.716585284087122e-05
51096,0.0007812186019867594
51102,0.00025326222780457254
51103,0.04988148785357323
51106,6.908140186178864e-05
51107,0.022603330055117672
51111,0.002696484530934315
51114,0.0017730311125396516
51115,0.00938496561178952
51116,0.0014013083163315642
51118,0.001152683224217709
51123,0.0009199300834068181
51125,0.0009912762216376285
51127,0.00026315667341423725
51132,0.0010996888267257173
51135,0.00011711404981254166
51138,0.0003325966175517248
51144,0.0009311069052432845
51149,9.875995749571846e-05
51152,0.0002834210463588461
51154,0.5809344302951663
51155,0.011334202982901822
51157,0.0002433613119997104
51158,0.0013821586165755394
51161,0.00039188598383668803
51165,0.0016949310429334806
51170,0.000730481957475759
51179,0.0005002502561255585
51180,0.001587304704467692
51183,0.0004919562143896037
51187,0.0012120105383369214
51190,0.0020731335125746334
51192,0.0005020721776403685
51193,0.05058748693710191
51198,0.0014388097022105459
51201,0.02586876933465554
51202,0.008700477128566399
51205,0.0003454270984438242
51211,0.3127416445174552
51212,0.317677829451645
51217,0.0004798206727053535
51219,0.005174299257534162
51220,0.0003927055132065872
51221,0.00046677821024053114
51225,0.0011507835478483128
51227,0.0010515162759816726
51230,0.00023468699766874328
51231,0.00019112832568248564
51234,0.005787547482299072
51237,0.5440514537670622
51238,8.597980681003568e-05
51239,0.013911342678082889
51242,0.0010275867620419543
51244,0.010716505117724422
51247,8.59060826440215e-05
51248,0.0005461601598061485
51253,0.00020206782581116574
51254,0.00027859157803485405
51255,0.0005024446956486883
51256,0.00010939830264018148
51262,0.0015731450896636309
51265,0.0002167166009098392
51272,0.30203315104944134
51273,0.020887572964280607
51275,0.036245858027573435
51278,0.0010231341793430868
51279,0.0006969110731531758
51282,0.06163526878999541
51285,0.013863853730908239
51288,0.0002448998546655275
51291,0.0008929166426927867
51293,0.000434437689849373
51296,0.003569098163437408
51298,0.024507360916491576
51301,0.18758042968903382
51303,0.00012863000814325524
51304,0.007635928608784171
51306,4.776276331245419e-05
51307,3.259997327616694e-05
51314,0.00014496915628934328
51315,0.00017239509794560913
51319,0.0008094231328055072
51323,0.00017076493901041977
51327,0.0017013574263250386
51329,0.00032751764208463485
51331,0.00022622931967470196
51333,0.0007551069825470595
51336,0.002844635606466155
51342,0.007507413760774838
51344,0.023888752039025803
51348,0.6786422651375241
51350,0.0010232248189136484
51352,0.0002969999675574895
51354,0.02393342385700831
51355,0.007954882166418278
51357,0.000494250523632928
51360,0.004409876503470418
51361,0.000201839131008097
51362,0.0016080846578861766
51363,0.2656097742453442
51364,0.00034211669128262115
51366,0.0003811332117563343
51367,0.07945132151783597
51372,0.00011294807861777256
51373,0.30404810766061974
51378,0.0017657368360406028
51380,0.00020789918345177276
51385,0.002161761167841072
51387,0.0021929893776323275
51389,0.00046831546173585947
51390,0.005003263499900578
51391,0.001053857624013267
51394,0.0003253303041109666
51400,0.0057337436492155384
51402,0.00034637632647691095
51405,0.0001579540048209907
51411,0.0006927300294872259
51413,0.00012451256781505478
51425,0.0004739945689556241
51427,0.00046974939269848814
51433,0.00043080212733536403
51434,2.972500101731332e-05
51437,6.842790721126516e-05
51438,0.0005504492935842284
51440,0.0003831786847635291
51443,0.0008808910727820385
51446,0.004826703435413196
51448,0.0013910530755753732
51449,0.03614257606566698
51450,0.0008772909633728431
51451,0.0011035702856389228
51453,7.146953587782919e-05
51459,0.0010117615032905552
51460,0.0006700502116705003
51461,0.004571294927294063
51462,0.3830254936077958
51463,0.00705843069215298
51465,0.004710312678548705
51466,0.0011281655410617431
51474,0.0005927883667999844
51475,0.0005652216570117485
51477,7.250036555963619e-05
51478,0.00022923932645462034
51481,0.013365934855435944
51482,0.0008546066949531525
51483,0.00014173850606712143
51488,0.00025964040864159333
51493,0.00031351339904292876
51496,0.003190149069484861
51497,0.00026079356349924883
51500,0.004078406021595406
51503,0.0004584980173253955
51504,0.14935777213023865
51506,0.004626969806072043
51508,0.0014598215071820425
51519,9.429073887380428e-05
51524,0.001586081865627122
51529,0.03958492752675808
51532,0.048063731982950705
51533,0.008311073095754191
51534,0.00022147778122113448
51537,0.003931996105809852
51540,0.07727544828849642
51543,0.00012911211214067567
51545,0.0006422194001021819
51547,0.007212819226253999
51549,0.0014207000177724606
51550,0.04381968590974676
51556,0.000410357211480083
51562,0.0005645682195716041
51591,0.0010768750774607972
51592,0.0030359116508001122
51593,4.417779403527203e-05
51594,7.95792052438916e-06
51595,0.09960462591040962
51618,0.0008784776684944833
51619,0.005709531352357725
51620,0.01790030640423352
51621,0.00017648916681287043
51625,0.0005134040599491463
51626,0.00016498542727672153
51630,0.0013065920265159085
51635,0.3895070493956714
51639,0.7977403364157212
51671,0.0002025067522460879
51672,0.10629243211749215
51673,0.008243162586383605
51674,0.007044400429197614
51679,0.00013188392919423144
51687,0.14497411214990283
51708,0.29697787973793255
51728,0.9276914590362721
51734,0.0001588034009203855
51738,0.0016064205872999616
51748,0.0004000815083606517
51753,0.9856181869753254
51755,0.0004723480032987391
51761,0.0002460792012414986
51766,0.5285397592813681
51777,0.0004100610053809385
51784,0.000646569223062933
51786,0.0008762450203845854
51787,0.14381443840399497
51792,0.0009963379047097805
51802,0.0024673429126211874
51809,0.0010031312544417296
51811,0.020459768078759977
51818,0.00023371386888920926
51819,0.00011397027037025472
51830,0.0009762993620452817
51835,0.001992574551454018
51843,0.00032214185181161025
51845,0.0011435538523842958
51846,0.0004421336687309875
51855,0.02065553015609821
51858,0.0002559991465910548
51863,0.000898495783851142
51866,0.0009683111996963895
51867,0.042768704507602576
51869,0.000263941801983143
51876,0.14285438279823037
51883,0.12635355130517606
51888,0.0010326078383827036
51889,0.02776193079414595
51891,0.0008580204274064858
51892,0.015271763970712796
51894,0.0007927484538493921
51895,0.00034317648839535746
51896,0.00011036335560147184
51899,0.00024586355773381294
51925,0.010569680859067565
51929,0.0005581149871238983
51930,0.0006878964667357882
51931,0.0007676196871781021
51932,0.003361950018500753
51933,0.8629129079625635
51934,0.0038179378508165795
51938,0.5206772588041014
51950,0.00010232954540244542
51953,1.3602040469786213e-05
51954,0.04712277557139489
51956,0.019252159543228637
51959,0.00019212777830232049
51990,0.011978170908157655
51991,0.05088497696802047
51999,0.046815182710700086
52003,0.0012269395120427155
52006,0.0029967748061030257
52013,0.0005872477758548829
52022,0.0005872674126966401
52023,0.001819112514725199
52025,0.018756344998439013
52028,0.0005824450944483963
52030,0.00712581406810205
52038,0.00020104911976938592
52058,0.00826111161866556
52059,0.0021121218276263483
52063,0.9610329303851877
52082,0.2377607615662548
52084,0.4118936630764861
52087,0.0050895318475807135
52088,0.04845732959681845
52089,0.00025042291018516805
52090,0.00030037928896062147
52096,0.0002905494728272485
52099,0.0019067707496805456
52110,0.00011453973672811473
52115,4.1869263987771505e-05
52116,5.853996354377598e-05
52117,0.0002613941367144387
52120,0.0004782477551488459
52141,0.0008859338805050093
52145,0.011299686055516567
52146,0.029127980721630115
52149,1.97219008506798e-05
52160,0.00024753908788717954
52167,0.049735714141046904
52170,9.759271143171342e-05
52185,0.007735994009489558
52188,5.742078623387189e-05
52195,0.0004647071788499031
52202,0.04247425519148459
52208,0.005302818689265529
52209,0.0004027601204675236
52213,0.006237922024961453
52215,0.01607306198018204
52216,0.1364915938248852
52218,0.0004464293098739263
52220,0.0011769671612072605
52230,0.0006094292559523482
52239,7.730206126973248e-05
52240,0.004991288363389219
52247,0.00033473681188511705
52248,0.0004359021548344385
52252,0.023197986774090205
52255,0.0018744553288338375
52257,0.0004154370458773301
52258,0.04311382234294022
52259,0.000499311660159912
52261,0.0011372533163395695
52265,0.0014114492929370318
52266,0.0015720038384580562
52268,0.00020039363705465191
52269,0.00021813006361159654
52273,0.0005366817141732186
52275,0.0016738117514835415
52276,0.000904915440281916
52279,7.938284009139164e-05
52281,0.00014084483856710328
52282,0.0007449044755003748
52286,0.650542958850922
52288,0.0007548171930377238
52289,0.00034438026103307204
52290,0.3236572989841091
52293,0.00043692640868890815
52294,0.0004437725007371113
52298,0.00026421815844179125
52307,0.0034130391834859253
52308,0.00119182910007937
52312,0.0036025201246210068
52315,5.158365353403312e-05
52318,8.987537915219405e-05
52319,0.013961187573439213
52321,0.00950578714522603
52325,0.0004058070529734184
52328,0.0027749612876796282
52330,0.000608141077922986
52333,0.00037813771705869493
52335,0.04702905673481238
52336,0.0003409181876670939
52341,0.08343199328297426
52343,0.005125334822342275
52353,0.002175043636793376
52356,0.0015531625637983447
52357,0.00029581723082401645
52359,0.00024106271710872375
52371,0.0005266594436989154
52374,0.02163045601129431
52376,0.0006345151192499495
52382,0.0012640577073131584
52384,0.0014347350007181835
52386,5.393163650715805e-05
52389,0.012955576999292602
52391,0.0001246996807034436
52394,0.04643285125201399
52406,0.0008572216030403484
52407,1.5241917921471941e-05
52412,0.00012025750635051226
52423,6.865756794284597e-05
52436,3.763562596379116e-05
52444,0.09670956814887932
52458,9.008428265570753e-05
52461,0.00010553327046262306
52462,0.00025178964019182244
65428,0.00023767803306260206
65429,0.0008531531739386399
65431,0.00013955896526025155
65432,0.0022636749201161983
65433,0.018510406023617493
65435,0.00037195519561894437
65436,0.013030699975425542
65437,8.010302114344099e-06
65438,0.00014736203201181646
65439,0.0006239916105762911
65440,0.0005731435406079613
65441,0.004329334133405076
65442,0.45864997270897456
65444,0.0012453130794716019
65448,0.00012776531104677005
65450,0.08331724698630544
65451,0.15852383622547966
65453,0.0002848722592521864
65454,0.06131228603334178
65455,0.0012167060556991427
65456,0.0011366000151325469
65457,0.004371954407419908
65459,0.10028330781674277
65461,0.001630660253708979
65462,0.00016946159406542848
65463,0.0004016560306009012
65464,0.0009959325871869026
65465,0.0037169701121036883
65466,0.0015330096604513595
65468,0.0008841280944858728
65471,0.0008354989253481259
65472,0.00025305732983019636
65474,2.7266538932811497e-05
65475,0.0006251533028402195
65476,9.874419166212224e-05
65478,7.028961351068493e-05
65479,0.019045428335124532
65480,0.013803055958755481
65481,0.005085863466414105
65483,0.03367240183660473
65484,0.46180634249692637
65486,0.0019751372015916727
65487,0.02609917937724348
65488,0.000290126969811958
65492,0.32569969591124337
65493,0.09074932817499902
65494,0.0008955755809000436
65496,0.002773505936941574
65497,0.3825975111800561
65500,0.5607370743643139
65501,0.21357401224548328
65502,0.011451848662555086
65504,0.0011405419300032033
65505,0.0003759772017962277
65506,0.005169614746474179
65507,0.009839788694300352
65508,0.01249436932950024
65509,0.009399623003970183
65510,0.01829397037543094
65511,2.5333328429049334e-05
65512,0.0003640222305106395
65513,0.015207381339067613
65514,8.469382792459753e-05
65517,0.011136040606672146
65518,0.010792164456197493
65519,0.007281419699102441
65520,0.001025745987190645
65521,0.05069805915610167
65528,0.003106912534693148
65529,0.0014070786036833203
65531,0.958458245460929
65532,0.00010372285500271105
65533,0.0003714209947205984
65534,0.0004991286642471811
65535,0.0002344637087526248
65536,0.0020500375289346394
65538,0.00011396316431582133
65539,0.0019903410043539418
65540,0.0006489557778213688
65541,0.005058124867697662
65542,0.00018743959184640312
65543,0.004285819301205721
65546,0.008455443498562512
65547,0.0002910977512781621
65551,0.0011693819118022536
65552,0.00026940937428818234
65557,0.00046397445643071985
65558,0.0002526544549674573
65559,4.697108062682201e-05
65560,0.0024414850137694675
65563,0.015283159399683614
65564,9.145053844594864e-05
65565,0.0007136546280576453
65567,0.008193802986910765
65568,6.830779383656439e-05
65570,0.005155807574014208
65571,0.00012284987108547409
65573,0.002511843250386108
65577,0.013016651153490145
65578,0.7143983453354562
65579,0.9324881300631385
65580,0.32555319715012865
65581,0.0010728073409895708
65583,0.5642490626756256
65584,0.023191406257910746
65586,0.5884251777489369
65588,0.00013613895185013932
65589,0.13804690665016528
65590,0.0013696555294221595
65591,0.008106533617703625
65592,0.0011578388054052176
65593,0.012587722030207213
65595,0.000835531578781625
65596,0.025370002389120117
65597,0.0007034832458968473
65600,0.0010233641157692825
65601,0.0003736375790477814
65602,0.0001659081776164004
65603,0.002802480656421916
65604,0.00038683359842163305
65605,0.000659438642728569
65607,0.009220791593421727
65609,0.00015480963484330515
65610,0.0004519327927774853
65612,0.0007274688870162761
65613,8.795310144156355e-05
65614,0.0019307951518336142
65615,0.0002329828414489676
65621,5.199008517719667e-05
65622,0.0004215212813738184
65623,0.0009378758229057972
65625,0.0007374137948207176
65626,0.0010114734366892955
65628,0.00019461434269702117
65629,0.00032827158065071646
65632,0.0010761476572141374
65633,0.0013733881772408122
65635,0.009235715855017002
65636,0.002493887841815277
65637,0.0001660099156290873
65638,0.00018431332400725836
65640,0.004849907034206398
65642,0.00016122903120888453
65645,0.00038987467213665527
65646,0.00036712423240845764
65649,0.0013284105136552162
65650,0.0008989773136435941
65652,0.00042869407466592424
65653,0.0001789129096441039
65654,0.04477614656647994
65655,0.8300533487546906
65656,0.00037433625334677245
65657,0.004454524390199788
65658,0.1993478841977417
65659,0.34186977412283676
65662,0.49634353437346296
65663,0.9882490118129353
65664,0.0004817049674377455
65667,0.000544772289056215
65668,0.09223825064870644
65669,0.02894564736709653
65670,0.015557848762952717
65671,0.004416052173074021
65672,0.0010426887329494537
65674,0.0003831833027427147
65675,0.0008547546859838967
65677,0.0006946972994693855
65679,0.0010343747661368168
65681,0.00038663019981823493
65682,0.000715116871879733
65683,0.00029378187995506336
65685,0.0007856889460734279
65687,0.0017652179648121446
65691,0.00024222011484469449
65692,0.047038229089822664
65693,0.0033184574079541023
65694,0.001982490081930509
65695,0.0006969661406143233
65696,0.00035102794381041113
65697,7.806271285608862e-05
65698,0.0014109672287644932
65699,4.849891300744504e-05
65700,0.00024103545430229005
65701,0.000847838615424927
65702,0.005798024297527049
65703,0.000999877839660163
65705,0.0010346686333283905
65706,0.002307369430895744
65707,5.798450276365484e-05
65708,0.0017251270163143634
65710,0.0002449771448922572
65711,0.00047310609493680196
65712,0.0002290452269159399
65713,0.0005748513569494137
65714,0.370724109230625
65716,0.0012749307573298547
65718,0.0187196319160915
65719,0.001158591294574901
65720,0.03313812885447631
65721,0.0012052190771748566
65724,0.0022778605505550517
65726,0.006591417502486344
65727,0.3624520956810411
65728,0.013703950701369136
65730,0.0004067708258204563
65732,0.002668197334821338
65733,0.03106726288507118
65734,0.00010818617717730338
65736,0.001442373169915044
65737,0.0014842384166951412
65739,0.03113597035428764
65740,0.001446608551587258
65741,0.0004983659471714027
65742,0.00014002824307859588
65743,0.4976091795834507
65744,0.0006740516194305228
65745,0.008732953637302972
65746,0.0003059895974501769
65747,0.0004612011372740794
65748,0.03439489101280426
65750,0.0014842712831569824
65751,0.0028616672551228625
65752,0.0006234485344300163
65753,0.06293189774477582
65754,0.28733379365829187
65755,0.13734133094159848
65756,0.00026572092250416534
65757,0.0015217633590459525
65759,0.0011347315394896573
65760,0.001126875991765227
65761,0.0003151625624498749
65763,0.0004859574701568973
65767,0.07189667779606679
65769,0.0034687381884747357
65771,0.0006890234650884957
65772,7.683327915770655e-05
65773,0.0005666738455470225
65774,0.041524399030773644
65775,0.00011310616359508707
65776,0.0007129558884768417
65777,0.0005387274779011172
65778,0.41526205460540605
65779,0.0012514801477732833
65781,0.0007638915689112923
65784,0.0007480951512559069
65785,0.016676919217747464
65786,0.0005707850495426849
65787,0.00019907097613274256
65788,0.0003253691542155993
65791,0.00018919098476734557
65792,0.0003255658890973423
65797,0.512372262558315
65798,0.0003426510818978036
65799,0.0003563790849487679
65800,0.6095527659912493
65802,3.6169565889454056e-05
65804,0.0005235329362024567
65806,0.0009435410424691948
65807,0.024824416979811376
65809,0.0019143038670547498
65810,0.0013056442111089854
65811,0.003170563506567383
65812,5.5195471783890704e-05
65813,0.0009366113231791219
65814,0.0027464309354003082
65815,0.12330577675638271
65817,0.0006104016644687683
65818,0.0005751883010747833
65819,0.00837486781730394
65820,6.095995309777182e-05
65821,0.0004016791588240873
65823,0.004348927865284451
65825,0.0006877383587634935
65826,0.0007532229730161141
65828,0.0012878590896715596
65829,0.01109557370764776
65834,0.00042466622738544156
65836,0.0005279519528414449
65838,0.0004045612729876992
65840,0.00011029362835718787
65841,0.07974175331711122
65843,0.31691199851741375
65844,9.486977659044015e-05
65848,0.00011046432939839049
65850,0.004768279487292595
65851,0.000208327937269206
65853,0.00012730254268032186
65855,0.9929356622295065
65856,0.07149734104198527
65859,0.05569994804551014
65861,0.008028830527056632
65864,0.021133872727425382
65865,0.0015878395846651457
65866,0.0009913744600712777
65867,0.4403391434779795
65868,0.00013532347985266739
65869,0.0001678019493239367
65870,0.002444669738590451
65871,0.0003646338870798345
65872,0.0002956046237913644
65874,0.0008545787259159744
65876,0.02160732684327556
65879,0.03442362591395932
65880,2.4019459017866026e-05
65881,6.0835420958142337e-05
65883,0.11237735462467428
65885,1.17460413801903e-05
65886,0.00012194627741402105
65888,0.04577450925501652
65889,0.827797359571432
65890,0.03507396981229089
65893,0.004013482901916294
65894,0.00039205937354718076
65895,0.0005274724028791697
65900,0.00015806998199534907
65901,0.00031898640878069695
65902,0.0003799177615072049
65903,0.00013263458173558832
65904,0.00045529287785977857
65905,8.178940637328172e-05
65906,0.40984904095953933
65907,0.0005954099290374661
65908,0.0005577916982803196
65909,0.00017035133524290438
65910,0.0005797886220819002
65911,0.0011068543645342452
65913,0.0010938665852566881
65915,0.7878870085167979
65916,0.006553772738828802
65920,0.00035247133929873877
65922,0.0004453156812381576
65924,0.0174450112382405
65927,0.0005876254460726992
65928,0.002516851371914197
65929,0.0004977016890065775
65930,0.00012330067492975509
65932,0.07230341403780821
65933,0.011748293134154037
65934,0.6969259889342194
65937,0.1651708446080516
65940,0.0063126748361397745
65942,4.255664517247362e-05
65946,0.024879429309138425
65948,0.0014164330332665604
65949,0.007300440060867987
65952,0.0008409857404140333
65953,0.00022743410444527474
65954,0.00015239641133102237
65955,0.002101594828936151
65957,0.0009905128117121556
65958,0.00028472978369465133
65959,0.0002877789042703215
65961,0.0010942720763659694
65963,0.26725240098351233
65964,0.017555729875793034
65966,0.00012315252363856807
65967,0.00023686115662666503
65968,0.0006095300168067717
65969,0.000487681770398666
65971,0.0009117633639388486
65972,0.0002816848631563025
65973,0.0004025956134952252
65974,0.0006658651069213934
65975,0.0009022444374468892
65976,0.0005048483789735355
65978,0.004101621924516084
65979,0.0034066761256660374
65981,0.024845173648243478
65982,0.008493547480883623
65983,0.026092940808403443
65984,5.2523669322857004e-05
65985,0.001185298242188746
65986,0.0013158783782072478
65987,0.010804242643458181
65989,0.007905686927347857
65991,0.03949588495031482
65992,0.00040374110891076143
65993,4.0870434968203864e-05
65994,0.0025021626441211267
65997,0.0011069848334079803
65999,0.0006682884041522346
66000,0.0007357414692420055
66002,0.007731809501456613
66005,0.0015562465485153833
66006,0.0018610702969429843
66007,0.0016251439482096659
66008,0.8471571311293535
66011,0.044460116156523524
66013,0.0017039031152276255
66014,0.000961564177363651
66015,0.0007317846323709671
66017,0.00021788443004251633
66018,0.000257377207703573
66019,0.07054566309127942
66021,0.00016187456556676855
66022,0.00013736905108388732
66023,0.0011461812449064335
66026,0.0008137731341602639
66027,0.00011694591457713253
66029,0.006993579166946266
66031,0.01655335934713288
66032,0.0030085153524760347
66033,0.005269886156698636
66035,0.9339701468393513
66036,0.0017548153840849338
66037,0.10335828853530131
66038,0.04881543856228963
66039,0.03301143152008765
66040,0.4837243326691143
66041,0.0008611392627278833
66044,0.00013023862112701212
66046,0.0009249697675854434
66048,0.00030507656187374983
66050,0.0009905629299575456
66051,0.04250103315742425
66052,0.002365020724939092
66054,0.01590794461507807
66055,0.0013960785367143189
66057,0.008650493402351493
66058,9.836844787396334e-05
66060,0.0008301196073478027
66061,0.0013562113344268167
66062,0.001378824536667273
66063,0.014256624783949828
66064,0.0006458345883760707
66065,0.0002014340308600456
66067,0.0014201508024732595
66068,0.8402797541372176
66069,0.12248306202344207
66070,0.0016645149928264167
66072,0.5699466197480698
66076,0.0010443789300171994
66077,0.000290685329306064
66080,0.00027833071327062255
66081,0.018041925837962037
66082,0.0009616850450733771
66083,0.00021417859346770408
66087,0.036818537819399914
66088,0.015782330461620007
66089,0.0006606365806771477
66091,0.9649623465311445
66095,0.003146221666556604
66096,0.014477786443560401
66097,0.7939192293704407
66098,0.12001062808921853
66099,0.0027444997937863193
66102,5.2733971650319135e-05
66103,0.001008357346112499
66105,2.9984090980681227e-05
66106,0.00011761836991353294
66107,0.0005369111534508734
66108,0.22355514084334138
66109,0.00024370200219927689
66110,0.7452513258511739
66111,0.018357125568045026
66112,0.1057576319591857
66113,0.7261275613345287
66114,0.1796390454821234
66115,0.011303551090546676
66116,0.0006255959265285764
66119,0.02012266769709399
66120,0.0003880636422339414
66122,0.0009647613178454586
66123,0.005456590279113057
66127,0.0003418342859874583
66130,0.00027605891728675456
66132,0.0002808868982370302
66133,0.002310426717822518
66135,0.0002265459514316059
66137,0.021150430671970376
66138,0.025346039663536903
66139,0.000394567575400501
66140,0.00037970889427631866
66141,0.000528980152422474
66143,0.03849846185196715
66144,0.0006052049783003858
66145,0.00021855497862809976
66147,0.0003893263461403673
66149,0.001992217502796166
66150,7.346078794463606e-05
66151,0.00023195838584743323
66152,0.00036603360088730105
66153,0.00036819464122325604
66155,0.0004490414055951583
66156,0.01787583690818216
66157,0.003506105569554562
66158,1.806687936715285e-05
66159,0.0008657109155862832
66161,0.0002407532035814278
66163,0.17974209516714035
66164,0.00026246257200010416
66166,0.004560192607426437
66167,0.0002716462448044175
66168,0.006799356930188854
66169,0.025247219316107287
66170,0.0004843534663924382
66171,0.0024171429605205678
66172,0.0035616164223295005
66174,0.6814212097305363
66177,8.936577358362997e-05
66178,0.0021877808937692347
66180,0.0026803804968508413
66182,0.0011895200259241221
66183,0.0035387582499847667
66184,0.0008303015060874209
66186,0.0037126655112453806
66188,0.002927139433080233
66189,0.00015908167850239342
66191,0.0012329896602863918
66192,0.00558957023182379
66193,0.012345070388110026
66194,0.0005608297254589159
66196,0.0009258561835957736
66200,0.29950463931379984
66201,0.0015030831765045888
66202,0.20185836735256135
66203,0.9791365391816527
66204,0.000369835856556666
66206,0.21198691632290853
66208,0.05247218782121904
66210,0.0005056381371307852
66211,0.0057523945822266906
66212,0.0025942790839586435
66213,0.00016443335890580356
66214,0.05125098226409964
66215,0.5588189334484426
66217,9.406464679094441e-05
66218,0.00037152767624303474
66219,0.5012728574976776
66221,0.004854122669577326
66224,0.0002076504266140828
66225,0.0004661061763637398
66226,0.0007643145399582579
66228,0.0008524723276332406
66229,0.01773718110684581
66231,6.388548130453484e-05
66232,0.01559253188886189
66234,0.011160517604305576
66237,0.023115299782523267
66238,0.008621229998295288
66240,0.03249737245711007
66242,0.009702528562350675
66243,0.0014103045469225218
66244,0.0003687062062928429
66245,0.18708179525508398
66246,9.502010422165585e-05
66247,0.00013415752532847818
66249,0.0002691878609027207
66250,0.00029248944938931195
66253,0.000993875978240519
66254,0.0015257259257867401
66255,0.012854150422033415
66259,0.00224443083373732
66260,0.0021878184297380245
66261,0.00032165835594586756
66262,0.0003032216476863367
66263,0.008160698196831108
66264,0.0012308095906110859
66265,4.012367625938393e-05
66267,0.01114142347391719
66272,1.682203284538262e-05
66273,0.8433384447409569
66274,0.0004623943850181376
66278,0.00020759155986631992
66279,0.0015607648544410197
66280,0.026952363111577612
66281,0.002190920500145409
66282,0.023883702403993397
66283,0.00048515104069291694
66287,0.0037713545556565275
66288,0.01843076714775991
66289,0.33556621527743447
66291,0.007940132129163037
66292,0.0012580599446106984
66293,0.003153049058390112
66294,0.00014259119826252228
66295,0.002160132822624046
66296,0.00011776413223012593
66299,0.006929533089224268
66300,0.03552808899830924
66301,0.016799605403199757
66304,0.0010301095739433373
66305,0.0183622818118807
66309,0.0074325520266454595
66311,0.014497262172688884
66312,0.0004435770511777821
66314,0.010788926693015233
66315,0.19719707245750057
66316,0.0003536988538614781
66317,0.00017981619391857124
66318,0.0005824195938644019
66319,5.77299499744023e-05
66320,0.000648080817423889
66325,0.0005931036722373829
66326,0.0004717629159615808
66328,0.005452807020898676
66329,0.0006396774332577489
66331,0.0002503085312480357
66332,0.0019032612831611203
66333,0.000584226144347105
66334,0.0006321906495639783
66335,0.0002385867758748128
66338,0.012635225170145849
66342,0.00016619846792028788
66343,0.0003287928400205573
66344,0.00012051418918495533
66345,0.0006369110750095416
66346,0.0006238805664989373
66347,0.0018973902082330104
66348,0.0006725491954268035
66349,0.0016557037327342696
66351,0.0006776881042877803
66352,0.002125691514381191
66353,0.001302357299054414
66354,0.00906582928966971
66355,1.775978636405206e-05
66356,0.00012015605810195537
66359,0.00018941113753591729
66360,0.00029226908160268273
66361,0.00017007799208552794
66362,0.0017364183456255642
66363,0.049018479408414535
66364,0.01080920435122391
66367,0.022289690141564986
66370,0.0005851642200968609
66372,0.0013588503077743065
66375,0.040217308409403595
66376,0.000499584262301682
66377,8.955721759933887e-05
66378,0.0005638454830807881
66379,0.00011122956568911541
66381,0.00010143186685727743
66383,0.0020522460934565613
66384,0.001192753930465537
66386,0.00012275839004737438
66387,0.0003125053451115986
66388,0.01648809426132298
66389,9.596530741058448e-05
66390,0.0005532233923616751
66391,0.00023475584693686337
66392,0.00030028982576594154
66393,0.0004634220363638875
66394,0.04108663958071002
66395,0.0003962185987779026
66396,2.401869148674414e-05
66398,0.00016818177467714578
66399,0.0015051919804803205
66402,0.017689638663295024
66403,0.0006027152881161802
66404,0.00020687466663133765
66405,0.00016111531411834885
66410,0.03397306332953602
66414,0.004503923878547736
66417,0.004060293803290804
66418,0.0008323455350034215
66419,0.00010469693729933683
66420,0.5002486929487889
66421,0.005723243342870837
66424,0.00045578957646528453
66425,7.246207702939123e-05
66426,0.00036183547793339384
66429,0.0007593936785810748
66430,0.00018893446060912225
66431,5.429811854385023e-05
66432,0.00022553883968999116
66433,0.00023383234283702825
66437,0.0002846090293413886
66440,0.00019972033688654749
66442,0.000716330910070344
66444,0.0016134048043066377
66445,0.0017981599783976248
66446,0.0006846332238344086
66447,0.000595082697669196
66449,0.00025063250335521936
66450,0.004080497641320857
66451,0.006159388675267377
66452,0.003521016637539323
66453,2.608907462233978e-05
66454,0.011847918666610415
66455,6.121676160010007e-05
66456,0.0002703749061696236
66457,0.00014852362990835
66460,0.002676031323214006
66462,7.465806771322689e-05
66466,0.003865083609581398
66468,7.374576855925373e-05
66470,7.950379218441944e-05
66471,0.1042372959071321
66472,0.000320120922594
66473,0.0023945228900465482
66475,0.0001381783270511665
66476,0.007286791621205057
66477,0.033291677687892436
66478,7.16317336646624e-05
66479,0.02054316074706053
66480,0.47163865285171047
66481,0.0013173991279543077
66482,0.09236827753898363
66483,0.3894813716447769
66485,0.0013409450415755233
66486,0.00011593854670548922
66488,0.0004601119353014091
66490,0.0004623770513439939
66491,0.019386539596013705
66492,0.027270663034179694
66495,0.00020258357009518945
66499,0.0006156936579781268
66500,0.020362090929690456
66501,0.34578986378853765
66502,0.0021112276380154072
66504,0.0007706555481121751
66506,9.651169463202373e-05
66507,0.0009918495882581292
66508,0.0014781898148212606
66509,0.00038862444028648626
66511,0.0002841980574503021
66513,0.00035803641528689537
66514,8.46426096742795e-05
66515,0.00012170478495064573
66516,0.0014574569246476887
66517,0.013607696753468804
66519,0.002796527313703031
66525,0.00021195156016537924
66527,0.08000975628783431
66529,0.0021267144781634047
66530,0.0007063213777769018
66531,9.529887242899292e-05
66532,0.15239270199967223
66533,0.00027766267485795904
66535,0.0014600422903152384
66537,0.0006069461139773829
66540,0.001034746471635025
66542,0.4036274391376085
66544,0.00015617779584047403
66546,0.0002855957195410202
66547,0.0032248029252238183
66549,0.00026249322205900897
66551,0.0006367791034537377
66553,0.0007980768673200443
66555,0.029200789042979743
66556,0.008585162203334868
66557,0.000513203820581338
66558,0.0001501241745138229
66560,0.00012382194822324998
66561,0.07166233587924678
66562,0.024587852427122813
66563,0.28278579581627694
66564,0.0013755350108127927
66565,0.5960262092506408
66567,0.0009781343057618673
66568,0.00015689113235081026
66569,0.0001884767121522845
66572,0.0008773992872925969
66573,0.000593277960543476
66574,0.00042217313444408046
66575,0.006574676812425486
66576,0.0008867981326858195
66577,0.0005570900887839295
66578,0.0023426220991614476
66580,0.13733870387449115
66582,0.013066618390119545
66583,8.635811932136194e-05
66584,0.0001798497635297475
66587,0.008507059692903362
66589,0.0003225827303688407
66592,0.00043737541267038527
66593,0.003816915571985502
66594,0.0031084872616257593
66597,0.002267804788719017
66600,0.0001659960626068589
66602,0.0005630122935556584
66604,3.346820372693488e-05
66606,0.00013090926415351104
66607,0.0034059115515990483
66608,0.8301824698788072
66609,0.07299129988197195
66610,0.0021280965383929824
66612,0.0005268935403467571
66613,0.00013579913971262827
66614,0.002225773780356134
66615,0.00025756772731489223
66616,0.0004657416800699796
66617,0.01194245695812184
66620,0.036419165104991824
66622,0.0009225028531436621
66624,0.00013575807510825518
66626,0.00048528347300134527
66627,0.0007724203664388181
66628,0.00018069534803910793
66629,0.0002380085146680739
66630,0.03719179762882708
66631,0.003046569239588343
66633,0.00040291558417979433
66635,0.00026938352658652335
66636,0.009156001856716472
66639,0.00020269397905983434
66641,0.00023391944502563992
66642,0.0009204720723684604
66643,0.6474737528954654
66645,0.0005441007298084566
66646,0.0003281404863029405
66647,0.0009371174534151855
66648,0.0005832830884365355
66650,0.0009547631913890008
66654,0.001587914744684917
66655,0.00013763250933891352
66656,0.013256545630333677
66658,0.00021951875394080365
66659,0.0046561873035245414
66660,0.0014658155379398327
66662,0.0014651083565033207
66663,0.0017925186877134761
66667,0.0002649064415640878
66670,0.0011839405732710468
66671,2.2290660531048774e-05
66672,0.00036471069458809176
66673,0.0006770403607421563
66675,0.0015962460001619498
66676,0.000992439283585953
66679,0.0002635304132148415
66680,0.04382228272377785
66681,0.0013630814605573292
66682,0.0006979390817074929
66684,0.3255927823422883
66693,0.003986296242918067
66694,0.0013450217769191315
66695,0.005587954558419362
66698,0.004833248216014716
66699,0.024195104976376954
66703,0.012771427324092073
66707,0.00019211273495033654
66708,0.18947460101748326
66709,0.026407234432829503
66711,1.8240538147804542e-05
66712,2.1488439150385715e-05
66713,7.691700663316577e-05
66715,0.00014621070527436107
66718,0.0006336224168193046
67476,0.011279047248235847
67477,0.0020162875383780325
67479,0.0004148566171679408
67480,0.00030627896706574085
67483,0.0001894565182719519
67487,0.0006413957289913697
67489,0.014168395430617438
67490,0.0004943553001306193
67493,0.0003365950134560958
67494,0.0006496369956296166
67495,0.0006116879372592568
67496,0.00046264145722626473
67497,0.0005949362217981007
67499,0.00020508405228315607
67501,0.00019843100855062977
67503,0.04052698896184661
67505,0.08149482035702915
67506,2.4883963043714384e-05
67507,0.00010677112570109337
67509,0.00031030565328989135
67510,0.003337149577061079
67511,0.5690079195150198
67512,0.0005880648410437029
67513,0.0003816090614902734
67515,0.00012380488933471834
67516,0.004337150072018972
67520,0.005415095014599247
67521,0.001173011842485101
67523,4.198302482309786e-05
67524,0.00014306984484381704
67528,0.0002889077824480859
67529,0.00237362508218926
67530,0.0005990529618746767
67531,6.655732407823726e-05
67533,0.0015899928184239893
67534,0.00013477181492214715
67538,0.00036322784333738954
67540,0.00015581462167049763
67542,0.0001974680639742268
67546,0.00015817839066692324
67548,0.3002707724175653
67549,0.00012467564230784128
67551,0.003860506914382934
67553,0.0028538180799700897
67554,0.0006602669566996714
67555,0.000594898143852282
67557,0.00040425706621165453
67560,0.00032503118791432455
67561,0.023588003543100464
67563,6.512781196532934e-05
67564,0.02462272264729873
67565,0.007406675891254279
67566,0.10579366606459902
67569,0.0007529804652334405
67570,0.054801945239508015
67573,0.0035713132219236704
67575,2.7041296469379253e-05
67576,0.0924259704590668
67578,0.00010178665104562863
67580,0.0001543310508620454
67581,0.00024986718872720164
67582,0.04741779187967865
67583,0.00031523091332822593
67588,0.00030039272630773495
67590,1.7642576933386906e-05
67595,0.0007506999629003037
67597,3.84910406116867e-05
67599,0.0003694557114120939
67602,0.0006530452877603355
67603,3.094010426468965e-05
67608,8.199465015812215e-05
67610,0.00012111064640779579
67613,0.00014128759674934545
67615,0.0005455370380654283
67616,0.00011696900175086649
67618,0.0004015124625255906
67619,0.0012733611342006952
67621,0.0024232317014583026
67623,0.0011956737946627644
67624,0.00025841711887430703
67626,0.00021969948027190348
67627,0.00011136190014872148
67628,4.10248334996122e-05
67632,0.0005050595949954387
67633,7.776717463711796e-05
67635,0.0006528487175281102
67637,0.14644936008850243
67638,6.751693755387253e-05
67639,0.0008214510977323483
67640,0.0001588357527229233
67641,0.0003786607078897625
67642,0.030722082131383697
67643,0.0032213021000517534
67645,8.454990570004446e-05
67647,0.0002541804815201838
67651,0.0005387612097992913
67652,0.0018121645777806812
67656,0.0003423381407323663
67658,0.0005556379673376921
67661,0.0036731773981426414
67665,0.00015149833099004418
67666,0.00010526859534253712
67668,0.00034401984003251885
67669,0.0028187894845121938
67670,0.00021987238255265532
67674,9.674669291194862e-05
67675,0.0015551957929807972
67677,5.3264359908503875e-05
67678,0.00012380415389270767
67680,9.116988468077951e-05
67684,2.525294292414208e-05
67685,0.0008472390574396667
67692,0.02079871779278452
67694,0.0002502335099130093
67695,0.0004185730690475416
67699,0.0390256660463526
67702,0.0002873437305737027
67704,0.00012330343427554755
67705,0.0002497886612753562
67706,0.0023465768980745314
67707,0.0006004703977724108
67708,0.0002900964502805698
67711,0.009325487531955305
67713,0.00021571812093164919
67714,0.00011684101408286088
67716,0.0009787350774192868
67718,0.005652995118901302
67723,0.00010804804288611368
67724,0.0007901519446780569
67725,0.0030592606711532817
67727,0.0001229489762192019
67728,0.012618840046357114
67729,0.046547700764755555
67732,0.0003367889081829729
67734,0.0010591926674122687
67735,0.009561363023472928
67736,0.00023187062540110792
67737,0.0002991789438231687
67738,0.001209012187056067
67739,0.0013970489145692414
67740,0.0005064746112729166
67743,0.00021191484040209528
67744,0.00015139592524526915
67746,6.1033475193952875e-05
67747,0.00032045197052730997
67748,0.00031176833565448275
67753,0.033236397772416756
67754,6.352114248244494e-05
67755,0.00366024783478776
67757,0.0016717795225546118
67759,0.00022881089019782247
67762,0.00015045330524236526
67763,0.00015555874066128106
67764,0.001418039041401503
67765,0.00013763491419419076
67767,0.0004467163348662014
67771,0.00045231333943470254
67772,0.0077353774125732
67773,0.0034198463081285177
67775,0.00546432121436931
67776,0.00014253363111759257
67778,0.000292129859856945
67779,0.00012090204351603153
67780,8.609198896161446e-05
67782,0.13453692547044183
67783,0.0010832103631029455
67786,0.00021733917412892887
67787,0.0013047191832146017
67788,4.421469970178235e-05
67789,0.00012377608174795745
67790,0.005322179986393221
67791,0.00020741630909827376
67794,0.008366549448895236
67795,0.0001947590336249845
67796,0.001190949874160828
67798,0.0016671488061528882
67800,0.00035255744627452415
67804,0.030726704531580818
67805,0.00046986188317014056
67806,0.0005950397248962081
67808,6.857491309000446e-05
67809,0.0003770715502152981
67810,0.05865362127573007
67812,0.001934853309482927
67814,0.00012438501275667391
67814,0.00012438501275667391
67815,0.000530844390639105
67817,0.00011729413275463895
67818,0.004038590535833362
67819,1.1335230985032048e-05
67824,0.00032456882136638025
67825,0.001328666929168336
67826,0.00013873179066710978
67828,5.8994171825093356e-05
67830,0.0009215664360477984
67831,0.0019083006825560461
67834,0.00017980171132290986
67836,0.000514859615939776
67837,0.0005118771593624002
67838,0.0005503287267007788
67841,0.007631080669754249
67845,5.380569887349745e-05
67850,0.03457197888253282
67852,0.00042750100792634605
67853,0.0001317482104379209
67856,0.06779341428738858
67857,0.0007688942747618556
67858,0.02493362520575576
67861,0.008708144468034456
67864,0.006741932518028986
67865,0.02887077431028301
67867,0.00016492404110937474
67868,0.0010644725244452083
67872,0.00026082559633648254
67873,0.0007409400951568106
67876,0.002318508382669577
67881,0.0005697743249308885
67886,0.18020470317716536
67887,2.1661250082095804e-05
67889,0.00023851874383306858
67892,0.00033372382242231164
67893,0.29338356881278727
67894,0.02384115996706249
67895,0.0010098605840156037
67898,0.0035987724911637747
67900,0.00043147607074564944
67902,0.0005231794289170098
67904,0.00040534385340290055
67906,0.0015691749696106338
67908,0.04356451958105824
67909,0.0002867773094373281
67910,2.7065872136157515e-05
67912,0.0004175207496530354
67915,0.00015822941022349037
67916,0.018482118053289833
67919,0.00013923862732586896
67921,6.451563471894325e-05
67923,0.00026781189739887945
67924,0.04779243957543747
67925,0.00030858786149995696
67926,0.0003295046468960831
67931,0.0009574894575239744
67934,0.0003071370194357612
67935,0.00017835856120357305
67937,0.0004632669438866499
67940,2.2412768729262234e-05
67943,0.0005143219205300519
67945,0.0014058662961541925
67948,0.006358947926233418
67949,0.0003852182918644727
67950,0.0004928548051061435
67951,0.0011921686227547798
67953,0.00015864873552597306
67955,8.201802763663259e-05
67956,2.3978631350210542e-05
67958,0.00015047745703784666
67960,0.00047717180095721996
67961,0.0030365549841515267
67965,0.0002912011112352656
67968,6.430080753002744e-05
67969,0.00037444074070223227
67970,0.0021817522215971624
67971,0.00504161525160697
67972,0.00013581562111688502
67973,0.0001957369875107941
67974,0.0016623412266883117
67975,0.0013874498691382664
67977,0.0001284115456828645
67978,0.000697589323425537
67980,0.00030343099309282676
67981,8.593214934828232e-05
67984,0.00047276146910769793
67986,0.013628213363363246
67987,0.0022464117255542046
67988,0.00012414255474342374
67990,0.0008399932722621778
67991,6.226312631810598e-05
67994,0.001590171532142525
67995,0.0007598545244519708
67997,0.0003791712852700733
68000,0.003115306244947604
68001,0.018000172819771478
68002,0.0003361908128869686
68003,0.0003255211918257775
68004,0.00020009954236060908
68005,5.9897206846262746e-05
68006,0.00019981646896064843
68007,0.00011783758782473633
68008,8.383627408712309e-05
68010,0.00021008839650057907
68011,0.00018232336156624653
68015,0.005745044618605801
68016,0.0019401704052811552
68019,0.000193500954235405
68020,0.00023857095921108194
68021,0.02104626092371216
68025,0.0005994556860590477
68027,0.00011169564177522832
68029,0.00019691924853964667
68031,5.266078423841214e-05
68033,0.0013913757345494187
68034,8.46725425572206e-05
68036,0.0007094064907622176
68037,0.00015375412866218275
68039,0.015337731754280354
68042,0.0039331786859222225
68043,0.0120478473348319
68045,0.00020644922173493503
68046,0.01786520136223444
68047,0.00018562746770300228
68048,0.00016490909328885914
68051,0.00031603847653397763
68052,0.007717649112744041
68054,0.0003243567477730448
68055,0.00333784908543594
68056,0.00015717260864496572
68058,0.009588596650980493
68062,0.0003866966480785659
68066,0.002070993649710027
68067,0.00030692648463251463
68068,0.005235313939967294
68069,0.0005142829676022917
68070,8.165541629492383e-05
68071,0.00019607537853692293
68072,0.00014225370109885715
68073,0.0005939873144721819
68075,0.0015463633715862828
68077,0.00013118714565315764
68079,0.0002610539479783579
68080,0.0023380557377381483
68081,0.001562949850727742
68083,0.000283846759905043
68084,0.000276576895975862
68087,1.8789007776334256e-05
68088,0.006736725218815514
68091,0.00016110512051371726
68092,0.0002264342491319666
68095,0.00011191069178910726
68096,0.0021704658253411035
68099,3.9572734365834676e-05
68102,0.00034263520502297775
68104,0.00024702868924420364
68105,0.0009406494473039424
68106,0.00046441458411300483
68107,0.0003054859953532218
68108,0.00648511002932031
68111,0.00018350886454258106
68112,0.03952886585049596
68113,0.0001954023166800984
68114,0.0013125211399075837
68115,0.001164831156979659
68116,9.68882835945209e-05
68117,9.116381828764693e-05
68122,0.0008814599272455966
68123,0.0007012436505731139
68125,0.0032958386267449152
68126,5.166192127884825e-05
68127,0.00037543419455363125
68128,0.00044138452820506873
68129,4.804393994013306e-05
68132,0.0002738535164694303
68133,0.000252757754203599
68136,7.927292037803086e-05
68138,0.00031275692752205794
68140,0.00018584824162091998
68141,6.862470559901137e-05
68142,0.01920706360076522
68150,0.000586956207629155
68152,4.328536173266236e-05
68154,0.0168046675060076
68155,0.0001835833044645607
68156,0.0008304768164309826
68157,0.00041356133843000386
68158,0.0006359300458319907
68159,0.000168519325353643
68160,0.00016142993812573138
68161,8.105783784902725e-05
68162,0.0001806361974048778
68164,0.015231600789564979
68167,0.013375394031219998
68169,0.0001156018743083727
68170,0.0004567657517620274
68173,0.00012159073240053237
68175,0.0013258626178382514
68176,6.31592085856351e-05
68177,0.0009114574595466202
68181,1.911255682087135e-05
68182,0.0008908157843315811
68185,0.001992991057356971
68187,0.00014117272340463126
68188,0.00019148008202854122
68189,0.002098473996306953
68191,0.0006041846018330465
68195,0.0068337807486428415
68196,0.0030752093315217595
68197,0.05932971054822183
68198,7.625987308898192e-05
68199,0.0002400028213830107
68200,2.6923210239906457e-05
68201,0.0003553176786751317
68202,0.0006476710761191856
68204,0.003758777331995204
68206,0.0005078529103865665
68209,0.0008725847711559984
68211,0.001421857277025357
68212,5.359597835161338e-05
68213,0.00033244575643803776
68216,0.000703824009105543
68217,0.00012470298888126786
68218,7.680209108986769e-05
68220,0.0090525755082634
68221,2.60311959988385e-05
68223,0.00016780845518689325
68224,0.018074256880991964
68229,0.008952957052868903
68233,0.0012695773913523908
68238,0.006789656277330653
68239,0.0007933010563831883
68240,0.0031523873939473864
68241,4.2014261929774346e-05
68242,0.0004909477100245148
68243,7.91237448328915e-05
68248,2.964511796382801e-05
68251,0.0003093308394357397
68254,0.0003111056242996108
68260,0.00022828725919018944
68264,0.0033565442507952695
68266,0.0272920023106338
68268,0.00012123338202018653
68270,0.00022545039308612835
68276,0.0002620543896236159
68277,0.0010458989895622663
68280,0.0017089661959409056
68281,0.18103705889805927
68282,8.530082398807406e-05
68283,0.00016775638012610274
68285,0.0003966097446215799
68288,0.0006091776218404237
68289,0.00013878839340871607
68290,0.00010432224166756829
68292,0.011708682094228295
68293,0.0010285410661606568
68296,0.006292691304016093
68302,0.0006551970999888377
68303,0.0006785283575230083
68304,0.0007728395309906617
68306,0.000290655111652576
68310,5.389355482293734e-05
68312,7.656408848530382e-05
68313,0.00024347795147458247
68315,0.0034377011965481506
68319,2.898021736140267e-05
68322,0.000574081322691817
68324,0.01124956974013312
68332,5.665283815861083e-05
68338,0.0007629453139390529
68345,0.0002594137132576654
68346,2.773729751955816e-05
68348,0.36726630556102724
68351,0.0004298440961363005
68352,0.0006458871574663264
68353,0.0007457009359487666
68355,0.0019441094790356704
68356,8.626136362823965e-05
68357,0.00010226514669548951
68363,0.0028558616443583444
68366,0.003917123333319129
68369,0.0004653802240867134
68371,0.0014828726566698935
68373,0.12395213360724312
68375,0.009302473917041563
68378,0.00031155403498818565
68379,0.039384656738210615
68381,4.0447909301123724e-05
68384,0.0001966745781692548
68387,0.0008262722784692186
68392,0.011354986652584999
68393,0.0012711911779216538
68396,0.001819387908697766
70248,2.2109516701957585e-05
70250,0.0004841929152000677
70251,5.9675400222737804e-05
70252,5.709041046942461e-05
70253,0.00013420940366799537
70261,0.005707724782888897
70263,0.002109129422549639
70264,0.0007799877634332025
70266,0.0001872761144840502
70267,0.004566544843215431
70268,0.00020468019057779047
70269,0.004519252693613005
70270,0.001272098392966922
70271,0.00027817221445358616
70274,0.0002074187805242689
70275,9.098379564407942e-05
70276,0.0004076060630684215
70277,9.331545447778297e-05
70279,0.01626640515117306
70280,0.00011486634742260606
70281,0.00015605513207860722
70289,0.14033764366317725
70290,0.0002788963034752702
70291,0.00017348781902451585
70293,0.0004567928272844342
70294,0.00011436092421560502
70295,0.0034895546977431417
70296,0.0009228622442361865
70298,0.00018795371832536692
70299,0.0009763543027658498
70300,0.0004813681410500539
70301,5.807533264449968e-05
70303,0.0009539305487123845
70304,0.00927089299440334
70305,0.00018369751735433377
70306,6.432711100489647e-05
70308,0.0006895355117456606
70312,0.00018879688880194754
70317,0.00025218705038490704
70318,0.00017869169576148787
70319,0.05057088273433564
70320,0.0003245603358185638
70321,0.0007947313704550977
70322,0.0002277920216429157
70323,0.00010299405564034087
70324,1.7255341246041746e-05
70325,0.00048025534453798914
70328,0.00019889558826971396
70330,0.0019613415959024547
70331,0.0002241943431613899
70333,0.00033712420074077996
70334,0.00022765577639750757
70338,0.9930771616140248
70340,0.007640798783746708
70341,0.0006652677782601363
70344,0.05362404840964418
70348,0.023678666011188402
70349,0.00016896229553297771
70351,0.0002516172635427222
70357,0.4659053034894993
70362,0.0033916836534313034
70365,3.385658168772156e-05
70366,0.00012633851529750994
70368,0.000262521554348603
70369,0.05958938275726004
70370,0.06327386331369335
70373,5.591842833883135e-05
70378,0.0004087925474653445
70381,8.870732299560071e-05
70382,0.04683392258018279
70383,0.00046996722628840203
70384,0.0019007361892615024
70386,0.00030213105952500013
70387,0.012965516645562072
70389,7.82497158408481e-05
70390,0.00018495102992991788
70394,0.978331635989289
70395,0.0007521196859641202
70396,4.940868206115293e-05
70400,0.00023658441230932806
70402,0.014532173375002158
70403,0.0009961857584830879
70404,0.004040054767211868
70405,0.02024082189437805
70406,0.0029279389194828706
70407,0.0010310784708414953
70408,0.00031394514145198044
70411,0.0010116813222382517
70412,9.04814849154424e-05
70417,0.00033113528515941776
70418,0.0010601887027070016
70419,0.3703258862709605
70419,0.3703258862709605
70420,0.0009409629160895328
70422,0.9945749556140528
70423,0.0008374905192968342
70424,0.0023505453315265734
70428,0.00013627496089199738
70433,0.002403831733796275
70435,0.00034867006303135545
70436,0.002345912656512744
70437,0.0005992316474504124
70442,0.0006776169412636098
70445,1.5419330887628945e-05
70450,0.0001387140185647723
70451,0.00024228652366624825
70452,0.00012950779998701522
70453,2.388886481555739e-05
70455,0.0023205531312519754
70456,1.5468837072265085e-05
70458,6.626322421886373e-05
70461,0.8414052770243352
70462,0.006094568026721311
70466,0.007055250004771115
70468,0.00046013132304360013
70471,0.0010796107320575742
70473,0.0006598334772082646
70474,2.8304442596261248e-05
70476,0.0003075578876021519
70477,0.0015544104252808361
70479,0.00014630334644434549
70481,0.0004595088043097595
70482,0.0003948371065877819
70483,0.0008186190796271356
70484,0.0007673235252801859
70485,9.489097244993713e-05
70486,0.00016852216341875688
70487,0.0001427896631240921
70488,0.0009559545856018325
70489,4.310414213384377e-05
70491,0.0013538573096107793
70495,0.0009139356435942837
70496,0.0023748085569709585
70497,0.0004646772355645593
70498,0.010163841095214673
70499,9.064036183970386e-05
70500,9.690206024821194e-05
70503,0.00026673664611620785
70504,5.543742520575745e-05
70505,0.004557273694462187
70506,0.00034726377439885385
70507,0.0002525250140299419
70508,6.913275767664648e-05
70512,0.0003859571756922376
70513,0.0005303125369455145
70517,0.0009101098806437455
70518,0.0002993842559980128
70520,0.0001995876001085497
70521,0.0009007618132980767
70522,2.3678338408897438e-05
70525,0.00020222530317117308
70526,8.421373853546195e-05
70534,0.0001236093365849164
70535,0.000819988890936542
70537,0.0004998216581307315
70539,0.010428775372188658
70541,5.472213511362559e-05
70545,0.000332056712715294
70547,0.005007373593949033
70554,9.592337977082116e-05
70556,0.019404330725192303
70558,0.8307177175335627
70559,0.0034030810218110947
70560,0.0012179887522132146
70561,0.04838262431029922
70562,0.8629835701830908
70563,0.0001664406692018199
70564,0.0002812971718789491
70565,0.001441657266787242
70566,0.26866927136308594
70567,0.001011672808676082
70568,0.00023171581700594165
70571,0.9626229112043065
70577,0.0003956740513380233
70578,0.00024327393722580555
70580,0.0005029393436115678
70581,0.019246131445933064
70582,0.0020751916846218034
70583,0.0007232656506026355
70584,0.005679438388006978
70585,7.216368283403597e-05
70586,0.00010320929244920183
70588,0.0016181062140747406
70589,0.00026447541096582183
70592,0.0018721626079624386
70593,0.0005153892808289963
70596,0.017378038648693413
70598,5.828380928107332e-05
70603,0.0011523061267343583
70604,8.057178717536494e-05
70606,0.0003217985085678692
70607,0.002135695868519877
70612,0.00018350849794816797
70613,0.016657690077466213
70614,6.87473731290681e-05
70615,0.0025872464455348795
70616,0.00021042655792359068
70624,0.0005874405711234797
70629,0.0014957141429344251
70631,0.5437676609062569
70632,0.0025968578663037476
70633,0.003271819399860443
70634,0.04745512713250555
70636,0.0040598417696363935
70637,0.0007047244642969972
70638,2.2777770451867322e-05
70642,0.00031775190029850286
70645,0.0002852768902910292
70647,0.31268331844470054
70650,0.043714817006476434
70652,0.00010046371149977756
70656,0.0017699364842625178
70657,0.00043232124110080994
70658,0.007681958435990892
70659,1.3743455676914667e-05
70662,0.0016052449369254851
70669,4.28841257746514e-05
70670,0.0003287868167834296
70671,6.25435611701467e-05
70673,0.0004059738398767092
70676,5.8933929760651024e-05
70677,0.00043115458580521727
70684,0.4363326779774489
70685,0.00026496078352234375
70691,0.13223397175867035
70693,0.0066769714190495905
70694,0.003885805980105603
70695,0.0009188344184262466
70699,0.046065822284983016
70702,0.38050320219618194
70704,0.00039513251594017917
70705,0.0003281595796672204
70706,0.00019074269960167822
70708,0.000721786010718872
70709,0.00018780019446784402
70716,0.00046635718826834366
70717,0.6423654929905461
70719,0.006671804709616754
70721,0.0011709217766797658
70722,0.0003049182646460791
70724,0.11428477016539498
70726,0.00011297021145800606
70727,2.5320854288349495e-05
70728,0.0036933475142568294
70730,0.00023143165097161693
70735,0.9850294671308842
70736,0.01979104528833174
70738,0.0002962936545153203
70739,0.0005857039618414367
70743,0.004243096431755373
70745,0.0006130100243367639
70752,0.00022391231628175837
70755,7.737161775684702e-05
70756,0.04526491299631153
70758,8.316952294184092e-05
70759,0.0001732758767198364
70760,0.0011088692149615288
70763,0.00018783335205926175
70766,4.339439779845788e-05
70770,0.006878395710580552
70773,0.003941160052222729
70774,0.04623493807135129
70775,0.0029882154460328463
70777,0.0006535478679773862
70778,0.340233791597342
70780,0.004455170599709921
70783,0.000337376341708508
70784,0.0028785353435704653
70786,0.000620467646317915
70787,0.0007121362048403034
70788,0.00041254900973733
70790,5.964073837207815e-05
70792,0.0005561748108550837
70794,0.00037166963006310904
70797,7.97219481106934e-05
70798,0.00014349047475110472
70800,0.0005471369805445183
70803,0.00022757814699715656
70804,0.0007115016785201846
70805,0.0003081551524114053
70812,3.7962912698232625e-05
70813,0.00028558704248066744
70814,0.0016048277028182054
70817,0.004362194612871396
70821,0.0006951315084507853
70823,0.00036009798142741425
70825,0.05601921456277359
70826,4.718075708659402e-05
70833,4.2982159496531674e-05
70834,0.0005561271075717242
70836,0.0013581510723252002
70840,6.46117551474087e-05
70842,0.0005573778896827807
70844,0.201810276043293
70846,0.00036011718940871595
70848,0.00010133964771256815
70849,0.0012682461631449737
70850,0.805530615683515
70855,0.0001732164945651221
70860,0.00011430139598307875
70862,0.00013168339778398382
70864,0.0002589281273346095
70867,0.0012607059901664068
70868,8.603555230411419e-06
70869,0.0007029630202631251
70870,0.00012436192066798578
70871,0.0004384203047540622
70872,9.41405421543832e-05
70873,0.00014379036830677928
70874,0.0014807431306832028
70876,0.0001206522656202315
70877,0.009803689476072252
70878,2.945187937840725e-05
70879,0.059450347291210216
70880,0.9826379324517212
70881,0.00030763772729143295
70882,0.014334005499956816
70884,0.001653540265529204
70885,0.004836813511010199
70887,0.004088076914977404
70888,0.02822690831555925
70889,0.0001927694222897724
70892,0.001342775980061946
70893,6.279802911417439e-05
70894,0.0006819105748585244
70902,0.0003888283736496258
70903,0.12691885678458537
70905,0.0012866254963827184
70907,0.9235546700370911
70909,0.0014010508100193192
70910,0.10638713491186134
70912,0.001054984991270023
70916,0.0011760190028139465
70917,3.4819603518057734e-05
70918,0.013214315910959314
70920,0.0001623565261292913
70921,0.0015997851383651584
70923,0.0003415738354679917
70924,3.148817660104233e-05
70928,0.022133669664042392
70930,0.029744962167903677
70934,0.007273618079828478
70940,0.0007755304956263872
70946,0.034011332846921594
70947,0.15099428703161819
70948,0.0010898234232126318
70949,0.006892304856746599
70950,0.0010726599701898734
70953,0.0013288457026826405
70954,0.07379625059438306
70957,0.005661820917372287
70958,0.0020380201908900236
70959,0.004883052663504272
70960,0.03163193635131835
70963,0.00015117061233912467
70965,0.0005191713231191497
70967,2.756425630995972e-05
70976,0.000288710362374145
70979,0.00024697156683541754
70981,0.0001796520143273399
70982,0.00019971903829826108
70983,0.01541687715394667
70985,9.899499299796742e-05
70987,0.0006997587208434942
70988,0.0023274472152291807
70989,0.0011340177647091083
70993,0.020860191341050938
70994,0.8655598024201735
70999,4.5434803689673696e-05
71002,0.00026737741754348423
71005,0.00042862665334877074
71006,0.00020005433269817372
71008,0.00021989561529106612
71009,7.44154556294871e-05
71010,0.00016497159285640167
71012,7.401436354070974e-05
71015,0.0001606261055885023
71017,0.00016890082354566402
71019,2.6647293594375368e-05
71020,0.011114602375847306
71026,0.040985423641111504
71027,0.0020969836751567115
71028,0.0002960036410157456
71030,0.9399723108480262
71033,0.006426154051988537
71035,0.0006012784503660488
71036,0.0008979580045497407
71038,0.857380731787521
71039,0.00014104991701992153
71040,0.0011050286984203724
71043,8.444539981119111e-05
71045,8.095446322965193e-05
71047,0.0007689595546106706
71048,0.01399218955014662
71049,0.00012199377248156599
71052,0.0002687295788471553
71057,0.0028581996676520123
71058,5.661690858229306e-05
71059,0.0013689474823715439
71061,7.05381899608432e-05
71062,8.781731943537463e-05
71063,0.0015784294102751404
71066,2.2933076493290843e-05
71067,0.0006316036620357343
71068,6.575700107633058e-05
71071,0.00018909367878889644
71072,7.574494993320668e-05
71074,7.002505534264278e-05
71076,0.0011447926246847026
71077,0.00015676089210595636
71078,0.0002963782326841747
71081,0.00013881308101208558
71082,0.0001554959965146568
71084,0.0007445364054756733
71085,0.0003845521243248957
71086,9.302347638961509e-05
71087,8.50508014899199e-05
71090,0.00019387308603453497
71091,0.0006811343635280219
71092,0.013991031117889892
71095,0.0007015740406616846
71096,0.002141217384779336
71098,0.0022167592504968156
71099,0.0013696763105319912
71100,0.00134193841781982
71101,0.007946819636248473
71102,0.0006623347480408002
71105,0.009520274962133915
71108,0.0005295164078991566
71113,0.0011396528041327533
71114,0.00017063230723965604
71116,0.00041328574846932124
71120,0.008561142654537427
71122,0.013183729736397492
71123,4.315974939373685e-05
71126,0.0029650477547604197
71127,0.00019848819288772934
71129,0.00013507112605257233
71134,5.707882711371192e-05
71135,0.03520369478405419
71136,0.00010930239526808744
71137,0.00770868463883995
71138,0.0001335287133612152
71139,8.254341900123244e-05
71141,0.0029902983274480007
71143,0.14000049704988746
71144,0.00012617547643273874
71145,6.921496958933175e-05
71146,0.01335195709767581
71148,0.00012159968639907274
71150,0.0011731271324833133
71151,0.0004038424144123196
71152,0.00012567928924317256
71154,0.00028899296706443083
71156,0.0002807478434488174
71157,0.00030679354954136963
71158,4.878467951891141e-05
71159,0.02269989296452448
71160,0.00017448334593004087
71163,0.0002960520964997046
71164,0.0006011674834866326
71167,2.6834786715915565e-05
71169,0.0003743847540472284
71170,0.0014691272896141946
71172,0.0009764812038837679
71175,4.134336872163783e-05
71176,0.00027668237684359256
71177,7.803171910092112e-05
71181,0.030257123806203996
71182,0.00362386514953049
71183,0.6048832203303708
71190,5.810529631359979e-05
71193,0.0006125822770314084
71196,0.004294374439741893
71197,0.00021042733865880435
71200,6.612389915901461e-05
71201,0.00041848967934892246
71202,0.00014511522105454532
71203,0.0024859811612699388
71204,0.0031212061561419055
71209,0.000105503270616471
71211,0.00023318166797290624
71214,0.011023209634744154
71216,0.00024195458900562965
71219,0.009246930319198952
71220,0.0010687090122854389
71221,0.0006753971742416145
71224,0.029138458714316636
71227,0.11383797713287012
71228,0.00023488481880711118
71229,0.018776392926570615
71230,3.7148083226546786e-05
71231,6.616453528433114e-05
71232,0.007592211090405902
71234,0.0010243712758018467
71236,0.04435544253290539
71241,0.044099442108348666
71242,0.03234371696128961
71243,0.0008269946281564629
71245,0.0012570712547082784
71246,9.311676056772213e-05
71247,0.001141822152485254
71249,0.00042567214680205043
71250,0.002101506067223012
71251,0.00016373384202288422
71252,0.00011427588193807815
71253,3.98678263848948e-05
71256,0.014106783287747816
71257,0.0003628233677623262
71260,0.001717655549922749
71262,0.001538288874597137
71263,9.354703138871761e-05
71266,0.00042764790412315104
71268,0.0006264170358838135
71269,0.9975435478270989
71270,0.00020485706742569547
71271,0.027810409839179213
71273,0.004571622440959801
71274,0.1517063295151932
71275,0.00013394583891224588
71276,0.00014343624871733166
71277,0.00012777258832992033
71278,9.32180092178181e-05
71279,0.002965246315255772
71280,0.00022902564873485668
71283,0.001437267079728576
71286,0.0018076724151093494
71287,0.04052238541986603
71291,2.5165551932259062e-05
71292,0.0020842082909632077
71301,0.00010443532904649011
71302,9.828218601483838e-05
71303,4.8526208633063695e-05
71304,0.008043594427960626
71306,0.07819492380010473
71307,0.00019162385372365484
71308,0.0003843858018336145
71309,0.0018303710543808088
71312,7.597081266145929e-05
71315,0.00021098478292355829
71316,6.971054326562404e-05
71322,0.0008439317852631957
71323,7.919966060178998e-05
71325,0.0001489803690943266
71327,0.7865111145058108
71329,0.002867341259481445
71335,0.00034753459552241175
71338,0.17683978322841315
71339,0.0002460460890905275
71341,0.00012537073907233664
71342,0.0013352332916183234
71345,0.00013675051842277188
71346,0.000548623030982928
71347,0.00010828669392461638
71351,0.8687483214690488
71355,0.0004538757078926364
71358,7.99716996305033e-05
71361,0.0008076026003311706
71365,0.005946650802897791
71366,0.019901275993311755
71369,8.863172055648916e-05
71371,0.00024770425038641214
71374,3.8900536585429535e-05
71376,0.00010716306198360631
71377,0.00011724629688287439
71379,0.0006186587840261324
71380,0.00024095816914871553
71382,0.01226328828080046
71383,0.0007720867237206437
71385,0.0002229696155038151
71386,0.00018529708422513483
71387,0.00010480766533112596
71388,0.0002972344467839459
71390,0.9366673850962886
71391,0.00010120952407822191
71397,2.7288156583214955e-05
71398,0.0012955818134047963
71399,0.000793665014777574
71402,0.002120990316948126
71406,0.0004714513092661736
71409,2.944230994251709e-05
71412,5.910562620957962e-05
71414,1.2782353268757052e-05
71415,0.003823493623164153
71416,0.00010947296232009664
71421,0.0002250693698803669
71425,3.741609623997167e-05
71426,0.0005010609397633853
71432,0.00012087934126338522
71433,0.0072892243799240995
71436,0.903856920897203
71440,0.051694871328619926
71443,0.00015372954884805033
71449,3.8713182078746916e-05
71451,0.000502202347199188
71452,7.074718047172409e-05
71456,0.09341458779588555
71462,0.00010910300414447517
71464,0.00031668083516986925
71469,0.014635579532338535
71474,0.0001271507558318479
71476,0.001304801982341427
71477,0.0018448695213468635
71478,0.0012327785014607515
71479,0.020028864547324467
71481,9.039420629373463e-05
71487,0.8872578296988187
71489,0.00021093255694254603
71490,0.003031387967231591
71491,0.0004284814308922047
71493,6.334643041136098e-05
71494,9.123230858277966e-05
71495,0.008961221407143791
71497,0.0012565140124142465
71498,0.000999628466434572
71499,0.0016024923384752644
71501,1.2097676643527378e-05
71502,0.00044048955722110695
71505,3.781840986747671e-05
71506,0.00013283292129768218
71509,0.0008792653991960257
71511,0.0052945099914025896
71512,0.00010439843696044725
71513,3.777236960287037e-05
71516,5.250479029607393e-05
71518,0.0008477271762086021
71522,1.515453427280684e-05
71523,0.00021050410921712482
71525,0.0005290579354633333
71530,0.00028319049350525864
71531,0.00029395463400267574
71533,0.0026630336018657976
71534,0.00013231063407592814
71535,0.00029545264721813914
71537,0.0025318540053148194
71538,0.0019933304467345597
71541,0.0009053399108228917
71543,0.5678970787113331
71548,0.00070418823161749
71549,0.001509910939149047
71551,0.0003198252607911349
71559,0.019478095406851567
71561,0.02273313783270984
71563,0.00018890674023161773
71571,0.0001441483141702364
71572,0.13354014902162187
71583,0.0013609876080456374
71584,0.00012952786827805923
71586,0.005797919634660801
71588,0.004943444175836921
71590,0.0032726627543309705
71592,0.00157114542613933
71593,5.952493967117524e-05
71596,3.530012641687033e-05
71598,0.0016658597859889812
71601,0.0392233048234435
71602,0.008451663892564422
71603,0.00803084386694115
71604,0.0016147929411196773
71605,3.553116058414076e-05
71607,0.0002046712018467713
71609,0.00011551353755232229
71612,0.0008903845444557838
71614,0.00011133724765715217
71615,0.0018657435808513692
71617,0.0010881640932991008
71618,0.000516807782762159
71619,0.00017363406007368982
71621,0.00016114464742870697
71622,0.0005460492351393984
71624,0.00023295509805732926
71625,0.8489879578133747
71628,0.9996287165449265
71629,0.009470696244535141
71631,0.0005059170219842985
71632,0.5439966604619499
71634,0.0003357332977295243
71636,0.7735425662022865
71641,0.022454429273652373
71644,0.005258976639716938
71645,0.2303507220214891
71646,0.02550027810856952
71647,0.005132095235904308
71648,0.001811614078864186
71649,0.005070540781934948
71651,0.0004769304945215345
71657,0.0016590573469389542
71658,0.0007430397227647979
71659,1.605747831732462e-05
71660,0.00010024838377648232
71662,0.00017070418219786984
71664,0.028036014953393515
71665,0.00013708150143373392
71666,0.002247558050387117
71669,0.00012934793189892956
71671,0.00010354802063794954
71674,9.784839590583375e-05
71677,9.014927771837437e-05
71679,0.00041707299836507767
71681,0.057590777523401575
71685,0.0005216824665807637
71686,3.218703738011273e-05
71688,5.2978818428966735e-05
71691,0.04688890065489734
71693,4.9102102762193874e-05
71694,0.0002278299593993912
71695,0.0021426989375131875
71696,7.449851240515194e-05
71697,4.3937958214899865e-05
71698,0.00463548138526847
71701,0.00013011271757218168
71705,6.653670541706744e-05
71708,0.00025084471231192034
71709,3.061421048516893e-05
71710,0.001753367692364261
71712,0.0001862947528566687
71713,0.00016979635957443362
71716,0.0010246937645404244
71717,4.8199110150470624e-05
71719,0.0001829061357167939
71721,0.0005337186994466929
71722,0.001230855645418671
71723,0.0010924877610598094
71724,0.05281756759129662
71725,0.0004928958903782462
71726,0.00012256373834898732
71727,1.7740806184113295e-05
71728,0.00016404768851560554
71729,0.0008586833554174306
71730,0.044645623616475005
71738,0.00043830339960174587
71740,0.018024801309961345
71742,0.0009413489933915257
71744,0.001048130704335306
71745,0.0019932778319757243
71746,0.0003334586686297157
71747,0.016561684534033567
71750,0.0007430665224988802
71752,0.0003089643852814892
71753,0.0031300130488402973
71754,0.0007146316367658424
71755,4.465854809436762e-05
71757,0.0001499010970233474
71759,0.00031941203297464866
71760,0.00022396285843450896
71761,0.0007469574687399533
71762,0.0005652218403585899
71763,9.3747646670293e-05
71764,0.00036261604212947565
71765,0.00031927559351966234
71768,0.09259618461873657
71769,0.0003034129119085507
71772,1.8346871219790338e-05
71773,0.0034695350744861977
71774,0.0006016618063165316
71775,0.00014213150120521685
71776,0.000485652887770987
71780,0.0006669507398766497
71781,0.016952752846557662
71783,0.0013916024830120657
71784,2.7934209053424678e-05
71785,0.00012760735101342987
71788,0.0005194824143770206
71795,2.839463077694854e-05
71796,0.0003261793625525775
71797,4.017913169399121e-05
71800,0.25708031233867473
71804,0.000711667603381136
71805,0.0031438005396446133
71810,0.6427312023901658
71811,0.00011461745744096726
71812,0.0003419923764027247
71814,0.00032884808510831316
71818,0.00021228658677818158
71819,5.309190160459098e-05
71822,0.04839980920633206
71823,0.039319254529046464
71825,0.010571474105617793
71826,0.00027692756749159614
71828,0.0010035419963192935
71829,0.003408531335104952
71834,5.907270254394643e-05
71836,4.4232004772869795e-05
71839,0.0009561056948051544
71841,0.006800219155783096
71842,0.001105121305065061
71844,6.517148258401007e-05
71845,0.03613242611138927
71846,0.00016511667502261762
71847,0.04506891934701962
71848,0.0008093365928426978
71849,0.0006673705653716059
71850,0.014188499399626258
71851,0.000674096540527443
71853,0.00025283837507980355
71858,0.000681906085337196
71860,0.000318964806175055
71861,0.9566791569952873
71862,0.005589000344784139
71864,0.017735330959440194
71865,0.03567774584575208
71866,0.00014138561331556666
71867,0.0019254211271566883
71868,0.005773820834829759
71871,0.00015626593006640767
71872,0.0004472550627915423
71873,0.00014575494099440702
71875,0.0012650094988177602
71877,0.9604526511363891
71881,0.0016051412345796357
71888,0.011094206318190171
71889,0.414258386611692
71890,0.004242729973892018
71894,0.0014934555057083217
71895,0.00016741263819523863
71897,0.0014242328117673642
71898,3.0667110198885264e-05
71899,0.1999517264876181
71900,0.9918269937140087
71901,0.10197237999016297
71905,0.023131203495395238
71907,1.3406064026278194e-05
71909,0.0001773852959053341
71910,0.0005672565706677372
71911,0.00016839314155261335
71913,2.907392503069693e-05
71915,0.003956034318251529
71917,0.0009877462737817716
71920,0.21493649726460212
71924,0.014054398185843033
71925,0.00011437525604219724
71929,0.0011327490969802849
71930,0.007017086616160846
71931,0.020997669116597433
71935,0.0002760396494459151
71938,0.0006411114675097854
71939,0.0007849538203858404
71942,7.768941665842663e-05
71943,0.0005857223710861279
71944,4.2288806054009576e-05
71945,0.0016902952503120895
71946,9.471544802194228e-05
71950,0.0023253958822741293
71953,8.936147588470172e-05
71958,0.002306052284185798
71960,0.0006331659034405142
71962,0.0011114487347819932
71965,0.009886473869091882
71966,0.00010506822772050488
71969,0.00016369324167463735
71972,0.044315582519291685
71977,4.172546160664359e-05
71980,0.0018650997838795045
71981,0.03105024073566035
71983,1.2325367283388214e-05
71984,0.0015999663450513707
71985,0.0002279567936015712
71994,0.04761322598044074
72000,0.00013864653121325283
72002,0.0004335906128324418
72003,0.006813008268508768
72005,0.003163426725539777
72007,0.01998142416137147
72011,0.004142183299078437
72012,0.00027727800285928393
72013,0.041628837208086945
72015,0.012594478062996425
72016,0.00019071084515615835
72017,1.2804144373804292e-05
72020,0.00010452245510476655
72022,0.002083430466401627
72025,0.00032738344852618087
72029,0.0008622786088239146
72030,0.0003369336346837565
72031,0.0003421538920165596
72033,0.0005692191978076734
72037,0.0005295984010538213
72038,0.0002616259253858012
72039,0.0013432590291229682
72042,0.009365573628300506
72044,3.8440603086491355e-05
72046,0.0002640556881704556
72048,0.0010459736392935551
72050,0.00027268254444053427
72051,0.0005768726391429248
72053,0.002104622874103163
72054,0.007637429803860004
72055,0.0208966527521121
72056,0.0022361825619818744
72057,0.0009522190560954892
72058,0.0005634652020276045
72059,0.0003490984111848311
72061,0.00024295336270987121
72064,0.00021655998935195953
72067,0.0008765959765819219
72069,0.0004243305599974344
72072,9.974879720625027e-05
72073,0.05334300048772815
72075,0.022208682784861076
72082,0.03695553260595111
72084,0.9724560645818939
72086,5.706256923981469e-05
72087,0.002000417134430937
72088,0.011895650554930866
72089,0.00016555045614197428
72090,0.00156708487498192
72091,0.001323515130832122
72093,0.00013609076639980018
72094,8.759026888754199e-05
72095,1.6971589031090353e-05
72096,0.0002522363845912616
72097,0.21257374895669076
72098,0.010377700177694188
72099,0.007065315514232948
72100,0.007686398358951367
72102,0.03735325856817025
72104,0.0030222882807554034
72105,0.0013387275619292061
72106,0.010846467204452842
72107,0.051012973495308894
72108,0.0005083461812897792
72109,6.233727739045641e-05
72110,3.4824835534659775e-05
72112,0.007250081974480587
72113,0.000256151721376992
72114,0.01651676689288608
72119,0.0005954021272101239
72121,0.00017560164488409372
72122,0.00030759199088676166
72125,1.7696887231696746e-05
72126,0.0001518715874851466
72127,0.0005828391785680358
72128,0.000395165552137278
72129,9.40680573390163e-05
72130,4.429859391697921e-05
72135,0.0003344056806889105
72137,0.0014005082665274175
72138,0.0011775306753025164
72141,9.622446301639079e-05
72142,0.0001616816038513029
72143,0.002712607408515085
72145,3.065180115094472e-05
72146,0.0002709259678779454
72147,0.002104270415963625
72148,0.0017784634893474455
72149,5.525886081004612e-05
72150,2.5656779685078683e-05
72151,0.00036188871990632443
72152,6.498963528627821e-05
72154,0.0012905743754073676
72156,4.969468578149611e-05
72157,0.00018256363740000656
72158,0.00018434984326171726
72159,8.334369494402227e-05
72160,2.3514486095820936e-05
72162,8.092080283056728e-05
72163,4.60910522506355e-05
72164,3.0729243310374015e-05
72165,0.0002443683442628774
72167,6.80269539886681e-05
72172,0.004584206348788544
72173,0.0013618044087911091
72175,0.0001973802747016785
72177,0.00040149497490930114
72180,0.00035677549637376716
72182,9.50198683720952e-05
72183,8.865499878780527e-06
72194,4.252661339936965e-05
72196,0.0009225913672770225
72197,0.0008193947108563109
72202,0.005544218003013471
72204,0.0030521970756183722
72206,5.4789839872026316e-05
72207,4.125716853330145e-05
72208,0.0005321654044377034
72209,7.117075610410882e-05
72210,9.960216366203476e-05
72211,3.5530812015729525e-05
72212,0.0002977818091527325
72213,0.0758771151750168
72214,0.0035190669048179852
72215,2.72292135155657e-05
72217,0.0010748709055143483
72218,7.75327916433645e-05
72219,0.0011484785314366396
72220,3.921743426782162e-05
72223,0.0008392388822089467
37479,0.046101311908189245
39014,0.00028323079653945265
39412,0.00046066228734093075
39780,9.31369276368381e-05
40204,0.33379093416383687
41728,0.00011382245389765438
42124,0.0004689738691500288
42956,0.0002843680867435425
44195,6.46011669003758e-05
44197,0.00017965747444998465
44211,0.00743244370867405
44212,0.004225997106202839
44214,0.00012414412179839534
44216,0.11280447818610424
44217,0.00013550295755102232
44219,0.0040144021330209435
44288,0.01285756297562307
44325,0.01751406092654568
44335,0.00012497870331216912
44344,0.0017425025650378897
44345,0.022133513724735262
44346,0.00011873882072787469
44417,0.0020289325770495785
44418,0.01002030892700366
44420,6.844675490796615e-05
44546,0.0003836913364048377
44685,7.653522894625904e-05
44711,0.003941686873600884
44716,0.00012163672262056736
44717,0.0025221567699177305
44721,0.0002489759395967739
44724,0.0052209976924667235
44748,0.00021846215928362773
44754,0.0009185061098389254
44755,0.0002397316014376807
44756,0.0013677038952113027
44757,0.00021981378752114938
44793,0.056070693495250415
44798,0.8336101546276118
44827,0.00035005672606488076
44845,0.07313583547550957
44846,0.0019490349993927297
44849,0.0013260424059398992
44878,0.09830560477895092
44937,0.005011825422850027
44944,0.003813542393365944
44948,0.0035509634304804766
44957,0.0002703049235990965
45017,0.0005780855385468823
45034,0.00025567835436253195
45062,5.924797737363694e-05
45066,0.0027057988664142473
45080,0.0008517932351057432
45081,0.02102152004458901
45089,0.006170196355642178
45090,0.022479848085235406
45181,0.061218355968981335
45184,0.00013373826128217382
45187,0.6085157175046619
45252,0.0018493215918591003
45253,0.0001939628046389162
45254,0.00010535501701262058
45256,0.00036257132521301126
45279,0.0003706389106929286
45304,0.00016293380906602683
45305,0.0004211139734241157
45309,0.1149402136362064
45310,0.0007631552069317294
45345,0.0014648668771327336
45359,0.0002396422692194888
45361,8.25586071331093e-05
45463,0.0003962791720853318
45475,0.0007806442028429029
45477,0.00035569784533276395
45478,2.3511341485081835e-05
45524,0.00016506401458010143
45530,0.000752100222979539
45533,0.00031867011848742106
45542,0.0009104823953701689
45562,0.00027719023327644603
45568,0.002253690493299632
45571,0.00028891327206719843
45619,0.00056501884712415
45620,0.033000928877164985
45629,0.006045740734522688
45642,0.00014676064215690904
45744,0.10886472851344052
45746,8.255184859819326e-05
45811,0.00010223995221061232
45818,0.001082697757711634
45823,0.00021943314934042091
45835,0.0025830838700567197
45840,0.0002776781759782181
45841,4.295442193836586e-05
45850,9.514428303052698e-05
45853,0.00011168081614490199
45864,0.0006708566146440874
45896,0.019405029163496183
45906,0.0006129497653561591
45908,0.0002961459027781469
45916,0.0012675886867396674
45925,0.00012432426515683926
45926,0.012758097235426872
45936,0.005020466867610242
46010,0.00021157153302879658
46052,0.00012222403738819317
46092,0.00028711452247656244
46101,0.0004553177858273617
46136,0.0006648364133144926
46155,0.00024612264098898556
46159,0.00033092024119079597
46161,0.0018317270149582154
46178,0.021610738884518404
46263,0.0015319649838872265
46265,0.0005866516743007964
46269,0.0001651096271810331
46273,0.00024471596047313864
46351,0.00020855881389923354
46357,0.024526887168637723
46358,0.025621967362294565
46366,0.0001825097731614612
46403,0.0008684468540674396
46423,0.0018158743880260426
46500,0.00010476504672633099
46503,0.0007731822194181005
46507,0.00010192895970143891
46552,0.00015290373790700402
46558,0.0003243583325381398
46564,0.0003368664077799705
46569,0.0016560118165206174
46573,0.004592508769145423
46582,0.00021927830616711884
46583,0.00034560474239655125
46596,0.01726298803597028
46598,0.0024256450977165455
46645,0.0001560673381760408
46713,0.00014482159555755783
46727,0.04053084813726973
46787,0.3505840383357378
46789,0.00016086697815537274
46793,0.0003588000906277453
46832,0.00016375002013367627
46888,0.00020222108718497928
46913,0.00032667503041912036
46918,0.0170095926143062
46922,0.0001811195426601882
46982,0.004667511857135348
46998,0.003517234015199483
47006,0.0004370673156534336
47011,0.0012822493204076551
47013,0.0003882844389205367
47026,0.00036521188474740224
47052,0.030857785701486527
47099,0.008651906187706395
47102,0.004171870538599351
47187,0.0009141903308197676
47191,0.0020517453283885783
47192,0.028446557955002942
47195,0.006669260526959384
47204,0.001736261987152007
47205,0.0004910362968287927
47212,0.0006281532424766744
47224,0.05764290670314973
47235,0.00023645052902785868
47236,0.00015170496840469363
47239,4.7170669315361893e-05
47242,7.36968000892261e-05
47329,0.8626441849568651
47402,0.0007785328026415398
47405,0.10686003742376973
47407,0.004060912790931934
47408,0.0007314149398813129
47421,0.001675724289334166
47422,0.002121763391577575
47423,0.0006722131794874354
47424,0.00014910243047502756
47427,0.00028561702942237545
47428,0.00016759844588663288
47430,0.4237181480448116
47507,0.014865865440730913
47510,0.76969270997653
47514,0.00011201890012224861
47550,0.00019687405041129516
47555,0.023128902575350253
47558,0.00010339898774539732
47566,0.00023356303217119797
47568,0.00015066110563461543
47580,0.18946276170388598
47581,0.024471245302208428
47585,0.0005778481338137938
47600,2.7099017756983054e-05
47601,0.000785800777043168
47670,0.0001467294360963345
47675,0.000992437117210556
47679,0.00046501443283304906
47690,0.0001023374060866756
47751,0.0023008088387851964
47769,0.003479190668368949
47778,6.783191479266346e-05
47781,6.674656874619973e-05
47782,0.005973010497702561
47891,6.654808348242014e-05
47901,0.0001247438661775225
47904,0.013940602213451036
47909,0.02496956308481775
47913,0.0017101614259617376
47914,0.00026684994596661715
47970,0.0007213127785816744
47979,0.0003095618408001039
47998,0.01524834023006575
48003,7.939177266886417e-05
48004,0.5050080047378906
48036,0.0004430239461675471
48071,0.0005199694692981544
48075,0.002704725890087611
48114,0.0007167299138072769
48120,0.0010963269240155341
48153,0.00014216739693400092
48170,0.0199590202101199
48171,3.26680634194363e-05
48178,0.00010051949959228176
48179,0.009804605883460965
48187,0.000998686354550753
48217,0.0015714791836152335
48285,0.00014094135334434004
48363,5.770745080180978e-05
48369,6.18448367250997e-05
48379,0.00038326604613799983
48434,0.00022326880605489134
48489,0.07482438028402594
48492,0.007150243614872576
48494,0.0004028834472157132
48495,0.00018719785940829326
48515,0.00020802145170475644
48538,0.00045815929183910483
48588,0.00042168129759650297
48616,0.00017730244395462296
48621,0.0011791980609190777
48732,0.5487165948001937
48741,0.06592289663179726
48743,0.0012786288589247377
48748,0.0002269512378287539
48762,0.00019881880932446863
48780,6.267838175484388e-05
48809,0.003612501573621953
48815,0.002352701625748301
48821,0.10792320269144849
48926,0.0013566921234757481
48929,0.00013469776359433119
48955,0.06748139928198277
48958,0.004589485884547307
49010,0.00029983406991380306
49014,0.000846888766778933
49015,0.0010199623224200394
49016,0.0003954532752151249
49025,0.0003305966159435585
49037,0.0002959814250219534
49044,0.001395671707572955
49147,0.0003601063934724735
49180,0.00012329556079230072
49181,0.008936810478584077
49184,0.07706132095851631
49188,0.017344696364045824
49193,0.0043780385709747014
49194,0.00038774514692655794
49218,0.0001060767737382652
49250,0.00016960536817317573
49268,0.010211060677801108
49273,0.018986635165612095
49276,0.00709444843388601
49277,0.04419174138577846
49279,0.039027397209177035
49374,0.00034910687696203556
49376,0.0005297160527131735
49380,0.0015580920293984649
49404,0.0010856021450463737
49405,0.0016511928870432515
49449,0.0041316164320540595
49451,0.0019393568581905487
49454,0.0023745822271850556
49472,7.181430181751422e-05
49475,0.0003813654116950184
49476,0.0008548437049536953
49477,0.002479089504689796
49478,0.0002277334118515569
49481,0.0005839438066203794
49484,3.06681159066906e-05
49485,0.00016552376881860648
49511,0.0010215550220643139
49529,0.042048759382014175
49675,0.00018603450269716012
49679,0.00014833504561421456
50171,0.006304549880651072
50172,0.027728699775972185
50173,7.603344119093163e-05
50179,0.0004227854543080453
50182,0.0015321784771481198
50187,0.002395503284612706
50189,0.0005137868454167483
50190,0.0012478559442561659
50191,0.0002888946747725238
50192,0.0004566253504831816
50194,0.002061090170101967
50199,0.0003245558397032184
50200,0.0003278668465890617
50205,3.4542139273758856e-05
50208,0.00037501146203153306
50211,0.0007708862951853403
50217,0.00013028233336703868
50219,8.504728983884912e-05
50220,0.0005168207845929551
50224,0.02859316973093328
50225,0.05081830952093998
50226,0.0029861161265047386
50227,0.08953870335355227
50230,0.00025321240508113465
50231,0.006978126932001123
50232,0.0006472133676350954
50233,0.0001584097474319331
50234,0.0027608998677325037
50237,0.023988997036303257
50239,0.001737426264615782
50244,0.00037300959954568804
50245,0.02049195465087654
50252,0.012866420327378624
50253,0.0016873695478045608
50254,0.00032463329054366384
50256,0.004489034096274501
50258,0.027588063385270967
50259,0.003436870316690441
50264,0.0431885382150998
50274,0.000587462547665902
50276,0.004984680288897121
50277,0.0006417152095446086
50288,0.001510784545496849
50290,0.006491590126087922
50296,0.0008017596871911128
50298,0.0003779466871033384
50300,0.00035085714920132295
50303,0.0008102378710137682
50307,0.00012857094141294852
50312,0.0002106541892274645
50313,0.09928632732067214
50314,0.011567647355137291
50316,0.00010051860148268606
50334,0.0002928042580246358
50342,0.0018578657564324184
50343,0.5380604063149335
50344,0.02893591297819366
50351,0.0021591381193350402
50355,0.0035784093878390103
50358,0.053771621603003666
50363,7.163120560780089e-05
50366,0.002662252287563253
50367,0.0019771267430904976
50369,0.031190011556959912
50371,0.00027968492625308605
50372,1.8807994209097e-05
50373,0.008632801831854747
50374,0.72150309692166
50377,0.004755203437873629
50379,0.0362194435320564
50396,0.0012141403194657363
50399,0.0001748773514135108
50400,2.201228533165192e-05
50402,0.0001251578798055959
50409,0.00016153478067713385
50412,0.017335462850465985
50413,0.0005984879763221073
50414,8.041933560794273e-05
50416,0.0008823949422116604
50422,0.001588297978385624
50425,0.001006138774693132
50426,0.000313268967360462
50427,0.00010979349811243265
50428,0.00015481014582496283
50430,0.0004300825448795982
50433,0.0024031081075900915
50434,0.007640935765100787
50437,0.009575647026925928
50440,0.07050471642783704
50442,0.0002716217748969089
50446,0.00019712908034043224
50454,0.20641913431141987
50455,0.03149152084996838
50457,0.00021139183846129975
50462,0.00022343175106913363
50465,0.003139288661049716
50466,0.2061671190193477
50468,0.00020534438223955627
50470,0.03502560077494798
50472,0.008583644215992333
50473,0.0005048438021320166
50474,0.027942627696168464
50475,0.0007095126283177062
50476,0.002203872307285668
50481,0.007697300080606979
50483,0.0001528934612278288
50487,0.004601933778063308
50489,0.0009390838549666691
50491,0.00010880046031279755
50494,0.002184400020215937
50495,0.00037885373013830584
50497,0.0001135836112136132
50498,0.08884174530450772
50500,0.00027000651518798314
50505,0.002128494368034199
50507,7.224921177108887e-05
50510,0.0035753896717533157
50511,0.045645751649444
50512,0.025417092396886047
50513,3.6176977814910876e-05
50515,0.0003598010371847265
50518,0.0005890715260926868
50521,0.00039707767947943655
50522,0.010705134513550034
50526,0.0003872133983487232
50530,4.761177252015922e-05
50534,0.0005941734231998692
50542,0.0004552498935338398
50543,0.00013297313466830655
50550,0.00018198828302535235
50551,0.00023890040831230338
50552,0.00020209324751104479
50553,0.0007342862872015924
50557,0.03367344222776327
50560,0.00022373150826112033
50566,0.01298548992915913
50567,0.0015732250627868713
50569,0.00026485509098544356
50571,0.013931783729694572
50572,0.04904181622565268
50573,0.0007290353263575867
50576,1.867399977634309e-05
50577,0.0006831940037595979
50581,0.00024169042327115274
50585,0.0003492941864616879
50586,0.0003916743176671669
50587,0.00112867860452915
50588,0.00028265517843851725
50589,0.05256043315195008
50590,0.012937839869266585
50592,0.0009257945577760913
50593,0.007558012864688104
50594,0.0013839238684946785
50595,2.2654340109816216e-05
50596,0.0642836698167833
50597,0.011979774267105205
50598,0.00016287770819224323
50600,6.470589724518148e-05
50609,0.04972292527236309
50613,0.0002097298569429693
50614,0.07885455699000496
50616,0.0009439122773811084
50617,9.17775512971446e-05
50618,0.00010081945631948618
50619,0.0018592545845912425
50623,0.0001278386576796132
50624,1.6173018719851264e-05
50630,0.0001897606425673672
50631,0.00016169995256260037
50632,0.00014687471389122274
50633,0.0002009323631723637
50639,0.003627543108995425
50642,9.37144841336902e-05
50646,0.0006206554866490928
50648,0.00012089756167535856
50655,0.00012642882877550505
50657,0.0006594667150249017
50660,0.0004308242982702792
50661,0.0005793499045719561
50663,0.0014634827856046342
50664,0.0008019834846748678
50666,0.00012772582670404311
50671,0.00038068786774943713
50679,0.00034693019872606605
50682,0.017896106897524425
50683,0.0010609125239383977
50684,0.00034696568530184253
50685,0.014009142277647615
50686,0.0009311829136375679
50688,0.0007832615660203957
50689,0.0165950570763917
50692,0.00012022737460536347
50699,0.00014230989506031536
50709,0.00022866216122607278
50718,0.00010249647004888166
50719,0.00022598036945978815
50722,0.00018740864740247957
50723,0.000519047608081721
50724,7.11615400816676e-05
50727,0.0001018139867992325
50728,0.0003823526753740018
50729,0.003980255098408744
50733,0.0007066081837444177
50741,0.00033061605521818847
50749,0.03285774909027896
50754,0.0020568331532567893
50763,0.00010182020304048271
50768,0.009195106475879825
50770,0.011705891045998049
50773,0.0012543544207869032
50779,8.565298567701386e-05
50780,7.82368965468046e-05
50781,0.0003545873458211988
50782,0.0003921005393510542
50783,0.00011194406954159419
50784,0.0002808718284532563
50788,0.00012291326012149278
50795,0.00019505319196114524
50796,0.004241564051249849
50797,0.0035865415437191153
50798,0.0009450020550563087
50799,0.00028026017660546534
50801,0.006104561205727374
50803,2.4771640954857254e-05
50804,0.00019645781986951606
50812,0.00016282187785902932
50815,0.00035749792776984985
50816,0.0006706627153817568
50821,0.018292501805041418
50823,0.03822533743632792
50825,0.001052587427393963
50827,0.0017823522575703395
50830,0.0005569262292102759
50831,0.016527082753638872
50833,0.0004076778420475899
50834,0.0005876636559699842
50836,0.005505621719991119
50838,4.827146705589407e-05
50839,0.0001596518086142981
50843,0.0010517498538623966
50851,0.00032083172856210376
50852,0.0022915723006253367
50855,0.0005636799371585674
50856,0.00024934751879454587
50858,7.768481599967268e-05
50860,0.006707082850126653
50866,0.00030108954195623514
50869,0.00290987534746203
50870,0.0018792308438491906
50878,0.08456543761996821
50879,0.0005803250344659996
50880,0.0013162368652540218
50885,0.0011694069360596532
50886,0.3441586350605036
50888,0.0002476979688726179
50890,8.878827923604656e-05
50892,0.0006051528816994188
50893,0.00035047246045805
50896,0.0022894517506828384
50897,0.005163979464795979
50899,0.0007895705081069787
50900,5.4716256717721905e-05
50901,0.00012882884554930879
50902,9.616401292645546e-05
50904,0.005380852647565571
50905,0.0001416743367272073
50906,0.0013201564892255683
50907,0.010462375669170146
50908,0.027012003236229494
50909,0.0008716748744760849
50911,0.0004312933745556097
50918,0.0008329262596967289
50924,0.0063694238731465905
50927,0.0001893077879965081
50928,0.0048253457729960526
50933,0.1690668536983534
50934,0.0023563049134537177
50937,0.1610639368730476
50938,0.00032196215604137705
50939,0.00023176950753147263
50941,0.00015285467859654502
50942,0.0006060709737704174
50943,0.12253430483031236
50945,0.09746524654117236
50946,0.0028135384054036533
50947,0.00013794665223740234
50948,0.0646025026292683
50951,0.00012013458149945391
50956,0.0016718325250191324
50957,0.0020432262096940898
50960,0.006538449302489608
50966,7.29800593519014e-05
50970,0.00029277030544158514
50980,0.00025937875977717146
50986,0.0006196940706091501
50987,0.0005657200533864851
50988,0.00030227004558105986
50989,9.554719424121773e-05
50991,0.017430116091742005
50992,0.0001452042049809346
50993,0.00010915583063474677
50994,0.0001911478994247708
51000,0.0007076848192118688
51001,0.00024563653409972514
51002,0.002271635986959572
51003,0.000613449291134489
51013,0.00015802546924735493
51020,0.00027006854265947686
51021,0.0036380294527833604
51022,0.003011257821631307
51024,0.0010323554762025067
51025,0.00010574002575032294
51035,0.00018124581851387407
51039,0.000302836131000763
51040,0.0006932778425124978
51041,0.006530769351992929
51042,0.006017777569049109
51043,0.002365029616556322
51047,0.004262111060677702
51048,0.0002363434348635522
51050,0.15373656727605256
51051,0.0005571494610298879
51053,0.000833034637804103
51054,0.016531282453454855
51058,0.00012995687917168757
51061,0.059055355182169256
51063,0.0004143789922169773
51067,0.00030802774435517206
51069,0.0875605921365973
51072,0.019933473396787024
51075,0.01254659813590673
51076,0.006807098914643777
51078,0.003794042070141429
51081,0.015082922727339855
51091,0.02697132141372039
51094,0.07725428060305223
51096,0.0010293367479488427
51100,0.00042067103289758853
51102,0.00022870747777599734
51103,0.0030993235387815447
51105,0.00014668431819150223
51106,0.0005230011798047445
51107,0.0019131218011764403
51114,0.006746441896889826
51115,0.0023882681336063662
51116,0.0005299940676443817
51118,0.0006164647148578073
51123,0.00047675830457928966
51125,0.0014505094729033046
51127,0.00015695757136548817
51132,0.001275041675072912
51138,0.000154484477184197
51144,0.0019453475160397787
51152,0.001490997702238305
51153,3.990130426505553e-05
51154,0.04205778034003296
51155,0.0018410309456218074
51157,0.00035906720439467314
51158,0.0007717428402987599
51165,0.0009929085215202647
51170,0.0005469477997510097
51179,0.0001270284641564392
51180,0.0010616831027281757
51181,0.04547294280823495
51183,0.005833547224543976
51187,0.09227334638480233
51205,0.00011199685654704994
51211,0.21066065244828125
51212,0.22684997009703553
51219,0.002997085905048995
51220,0.038208348650377165
51221,0.000297932167689919
51225,0.0007461798668175787
51227,0.00011385596466560709
51231,0.0005413275153043909
51234,0.0007497383557426014
51238,4.7843229430609855e-05
51239,0.005538748588267124
51240,0.003069441465270391
51241,0.0017827256571042998
51242,0.0003173344876369776
51244,0.10122543435756837
51253,0.00010178934523238424
51262,0.0006141103643459453
51265,0.00010087897286850493
51272,0.20679338215000242
51273,0.0002719097461303852
51278,0.0005609891872885996
51279,0.0011491447184274219
51285,0.01008668093471191
51288,2.849128907787044e-05
51293,0.0004369041107901551
51298,0.009162437520567841
51301,0.1559871823875833
51302,2.3744106651556305e-05
51304,0.0025252882129271513
51314,3.792942632715851e-05
51315,8.719920315945053e-05
51317,0.0006927108259183246
51319,0.0021696411097203794
51320,0.0020771894441609456
51323,8.919840194815462e-05
51327,0.00032544593319000015
51329,0.0004035589223898113
51331,0.00029481522265813854
51333,4.122797837739535e-05
51342,0.036159597251329764
51344,0.017030887229408313
51348,0.14714122260878723
51350,0.024642802935997937
51352,0.0001024716302660361
51354,0.015139826452930799
51356,0.05015401505541212
51357,0.0001365087609387465
51360,0.0008746373940850033
51361,0.00020620548643557134
51362,0.003654968331962285
51363,0.09430750574829257
51364,0.00017028169488128746
51366,0.0002939969207319965
51367,0.4298800650758101
51372,0.00015435474825786853
51373,0.0905367715474591
51378,0.0006874373692877524
51379,0.0011694646167780766
51380,0.00206318735786878
51383,0.0019875704120792146
51385,7.323037569400759e-05
51387,0.0032235205102576644
51389,0.000475277688625402
51390,0.0035643149426923793
51391,0.006224850606096103
51394,0.0008587354809433701
51400,0.0038847025957065877
51402,0.00015833589186929858
51405,3.748666642796862e-05
51411,0.00024747017730940063
51415,0.014510028861277002
51416,0.0011649018959084532
51425,5.455575421757938e-05
51427,0.0003469849439427807
51430,0.00010582123051464604
51433,0.00012542297385218515
51434,0.00025159823494243303
51437,0.00012712025755914135
51440,0.00036792402964951645
51443,5.631984200661412e-05
51446,0.022318181829066832
51448,0.00019307516276867662
51450,0.0001507756554164916
51451,0.12143655943177052
51453,0.006490847213081194
51457,5.627126079564241e-05
51459,0.00016790953855052318
51460,0.0012313955502572071
51461,0.00971977530149525
51462,0.0048582925969120555
51463,0.002596766514830362
51474,0.0001139706799193761
51475,0.00022217777225168117
51481,0.10634847061919797
51484,0.017140624594316346
51487,0.00033201002546890394
51488,0.00011416584724094998
51496,0.0459165637765132
51504,0.1464680941125039
51508,0.0014487497624141909
51522,0.010037765545542181
51524,0.0010548905359977425
51529,0.06782988404323173
51532,0.0017632652008271218
51533,0.0072727923810137485
51534,0.00019150228321220808
51540,0.03304142979481446
51545,0.0001631920772923657
51547,8.612498482140625e-05
51548,0.012614998778114393
51549,0.00015986799205784243
51550,0.023862328574500304
51562,0.00014371475404232335
51573,0.01857518100204357
51591,0.0009553122105789494
51592,0.001722101225719821
51593,0.00022349041426210389
51594,5.584129325868157e-05
51595,0.048483172294025115
51618,0.0003863469040918191
51620,0.012374767928416436
51621,0.00029048813825939654
51625,0.0001689444265156181
51626,0.00021771565388095397
51627,0.00015067351031858696
51635,0.07945636545076266
51639,0.5460009279689342
51655,0.0022267167171167645
51671,0.0009762086652706113
51672,0.005331224200367415
51674,0.0003922647936336102
51682,0.00016954645286551513
51685,0.000498781794482519
51686,0.0004347857490082114
51687,0.002901187322625489
51703,0.003720097959185585
51733,0.05851998378842688
51734,0.0004911809574539636
51748,0.00036473045974401875
51755,0.0006554185041245788
51766,0.7440264147257087
51777,0.00038282563851859574
51783,0.007421084713211576
51784,0.00032904185105210105
51786,0.000656247054832652
51787,0.1006003090886314
51800,0.000866991917764012
51802,0.003909802458654259
51809,0.0006696051542621238
51818,0.00022554546181926578
51819,0.00017893774993823933
51835,0.0009256830053165039
51844,0.0031975602495919585
51845,0.0023769075886485463
51855,0.08056681204190116
51858,0.0015354789447181091
51861,8.099868562400093e-05
51863,0.000771044659876836
51866,0.0008056092868650956
51868,0.047794082678189166
51869,0.0008525420081070465
51876,0.027155133341546695
51881,0.056038839662648554
51883,0.0014109302519591685
51885,0.000996437175527255
51888,0.001672410210846186
51889,0.0029391266789445974
51894,0.0004397180243456521
51895,0.00010288257206159888
51899,5.555083402352933e-05
51929,0.00030061978355304744
51931,0.0035654037275390594
51933,0.35009903608689563
51934,0.007716656124607641
51938,0.1266183746400507
51950,3.695587976835553e-05
51953,2.653855810067528e-05
51954,0.10083589883870617
51956,0.01504416221549946
51990,0.18078547335382322
52003,0.00031343415352908617
52006,2.6777253249698604e-05
52022,0.00028261104604092026
52023,0.0001926215958797315
52025,0.018042695112184547
52027,0.0005683620895641574
52028,0.00011495802418974882
52038,9.426193114798421e-05
52058,0.0027157621155047425
52059,0.0016148602322000691
52063,0.9708141832822104
52082,0.03542784260028797
52084,0.18945499936307714
52087,0.0006702238958255791
52088,0.00010777549733742813
52089,0.00025487622134562885
52090,0.00017812804528185137
52091,0.004417183423702639
52092,7.241619717432523e-05
52096,0.0056235854616816915
52110,0.003642812337981409
52117,0.005164742093970345
52120,0.0006366651380060487
52141,0.0004681917994604702
52145,0.004584579878501065
52146,0.014272513742533015
52147,0.0011248124137018198
52167,0.01655711776635637
52175,0.20768654128240915
52188,8.961908721525779e-05
52195,0.0009808937108493532
52202,0.04185539001348619
52208,0.001552755440364366
52209,0.0002826757746682132
52213,0.003297469761749653
52215,0.0014957773836154725
52220,0.0024806249806304734
52230,0.0013100510021841157
52240,0.001910205936493309
52247,0.0007501998765527369
52255,0.0009207771614722282
52257,6.0699016943622445e-05
52258,0.02977583107145136
52259,0.07065602760833659
52260,0.00017928900479494565
52261,0.00021803737433292764
52262,5.632090915316352e-05
52265,0.007027787077164463
52268,0.00011416435948139619
52269,0.00011897742722729279
52275,0.0010157770414571477
52276,0.0003865292909598576
52279,0.0002824484065502949
52282,0.0002994334325196953
52289,0.0005441421933513957
52290,0.03073825979542771
52293,0.00019433795419709465
52294,0.004497618947534088
52307,0.0038917575375463885
52308,0.000606344849381013
52312,0.013161592807496767
52315,4.924751495586072e-05
52318,0.0008725301235298145
52319,0.002839287154217884
52325,3.3944365958507976e-05
52330,0.00041860887484888854
52335,0.00010205232074011487
52336,0.00020151309950072066
52341,0.026414596054429286
52343,0.00278450645237615
52344,7.08706122200373e-05
52346,0.0008168113894712328
52348,9.19307372023073e-05
52351,0.00012922731815202235
52353,0.0007632476237424886
52356,0.0006244422918774978
52357,0.00030031569052319494
52371,0.0006810741234850049
52374,0.005938989828540045
52376,0.0004589337275583259
52384,0.0003073020420693184
52386,0.00022480121700851858
52389,0.002498004020202907
52394,0.0173620367635926
52458,0.000151387252090632
65428,0.0005235904725128476
65430,0.0007270537162142426
65432,0.0111681712335788
65433,0.029912924670895957
65434,0.00023870703031691825
65435,1.2194394222977988e-05
65436,0.007008592080262667
65437,0.00016422937939993145
65439,0.0004937950898970191
65440,9.138287428900728e-05
65441,0.008399951788962134
65442,0.016183188070587086
65444,0.0003660324209038436
65446,0.00012518451998424858
65448,0.00017861655215923336
65449,0.008906645367672647
65450,0.21388488610391576
65451,0.12380274492573388
65453,0.00013825150668094095
65454,0.010499363298041332
65455,0.016674075635518922
65456,0.0007691183269461166
65457,0.0014140510259145686
65459,0.04375130951791345
65460,0.0009194287879609409
65461,0.0004398907696960219
65463,9.699566559209776e-05
65464,0.00032205318715204813
65465,0.00018915862999636238
65466,0.004670130619644368
65468,0.00042698631637956075
65471,0.00019227004113994735
65472,0.00038644006878090214
65475,0.001679639309726732
65479,0.02243195894975279
65480,0.0019721736558960586
65481,0.006456549760526957
65483,0.00038861834078773963
65487,0.017159139028684857
65488,0.0001550370373067566
65492,0.25751189521449824
65493,0.016428189540980034
65494,0.03868196520933441
65496,0.00022892330811850688
65497,0.4582928040727976
65500,0.49872603534049537
65501,0.08046482076084054
65502,0.0028553523305508426
65504,0.00015264989266948446
65505,0.0005545418586161724
65506,0.003395984248924515
65507,0.005348766254829345
65508,0.0027811024594186326
65509,0.0005335668395403831
65510,0.0027123711461004827
65512,0.002568894831817722
65513,0.027163635491017836
65514,0.00010743055044121029
65517,0.006799412409163802
65518,0.0022180349355702973
65519,0.004271218638572013
65525,7.29112668830409e-05
65527,0.00013691020679175336
65528,0.00023112853218622015
65529,0.005605603576144199
65530,0.050340429647970385
65532,7.480437938100096e-05
65533,0.0011033450872402234
65534,0.001449809256311529
65535,6.297460999446806e-05
65536,0.0008112315290497487
65537,0.0002162801397757131
65538,5.200597016751899e-05
65539,0.00047086013108775895
65540,0.001902376456512418
65541,0.004698437367587202
65542,0.00021864293219273897
65543,0.0010048023801293461
65544,0.0029454743033726916
65546,0.046687723096761655
65547,9.285644142110629e-05
65552,7.235670302544451e-05
65553,0.00011686854227140758
65556,0.007374655481672119
65558,8.040154955581799e-05
65559,0.00010003775309826392
65562,0.0005706446001949624
65563,0.020437761552003983
65564,0.0003848982917424893
65568,0.00024163123989432382
65570,0.0037733104933006687
65573,2.6868574828502595e-05
65576,6.755089707822994e-05
65577,0.00041317511408230583
65580,0.7740594813212084
65581,0.0005840015164510964
65582,0.00046254852889034083
65583,0.26433554496944933
65584,0.010085193119496126
65586,0.07509738088121275
65587,0.0037053337068260962
65588,0.00011338004556862619
65589,0.3543343221984331
65590,0.0030858535412318006
65591,0.002342752134703435
65592,0.0005586226329844312
65593,0.05342757344344099
65595,8.194654220649478e-06
65596,0.06893625359994565
65597,0.00042085219877010784
65599,0.00016371601357438232
65600,0.013154001956635889
65604,3.6305979476004995e-05
65605,0.013498630621877747
65606,0.00016898877017216326
65607,0.004207746579001307
65608,0.0005625248625799671
65609,5.6767310933831925e-05
65610,0.001307833402131493
65612,0.0010901557148655628
65618,0.0005569066552049109
65622,0.00045956397437664476
65623,0.001321829277013952
65625,0.00042732775166068093
65626,0.0010137467069628726
65628,0.0005592025410370328
65629,0.00020474743215629545
65633,0.0003493309865862616
65634,0.0008394378134585852
65635,0.016939896372577815
65636,0.020713584849831948
65637,0.00019786324338960496
65638,4.4820719729377e-05
65645,0.00045832791117527343
65649,0.0023555258037800167
65650,0.00471669677430418
65652,0.0006898856317084565
65654,0.017033628264545964
65655,0.3872133144076526
65656,0.00018509510678190648
65657,0.013353929465945562
65658,0.023974814940884152
65659,0.0005991335540129188
65662,0.012400949902222895
65664,3.830316539900115e-05
65665,0.010443926425591497
65668,0.0018956345703837316
65669,0.0017928455464586335
65670,0.004367872899962942
65671,0.006855515488531399
65672,0.00041409444634963027
65674,0.1250664991801153
65675,0.2814615392609663
65677,0.0004962038092897164
65681,0.0008783436459231663
65683,0.008943148579828872
65685,0.0004548480409566334
65687,0.0018798870847703988
65691,0.00021197430404835136
65692,0.025134345956514592
65693,0.0012172676340330556
65696,0.0005555035697512355
65701,0.0027601751765457985
65702,0.0024687673285472373
65703,0.0008074945315372159
65704,0.00033074245517814753
65705,0.0008992463270637586
65706,0.00039540201890096596
65708,0.0030099250840617594
65710,0.00012977770287721845
65713,1.8009159472661825e-05
65714,0.5375715268676046
65716,0.021947562206382682
65718,0.005152958433000513
65719,0.000579008049139086
65720,0.7241568002520373
65721,0.00027723927252080066
65723,5.0334824153692296e-05
65724,0.0005259511780818045
65727,0.016552726509888097
65728,0.026245139329917577
65730,7.951067012208937e-05
65731,0.21723834268833914
65732,0.009137915468744495
65733,0.001906236039160528
65734,3.1002755783371493e-05
65735,0.00031223474711867454
65736,0.0004698501474442859
65737,0.0014425104684645433
65738,0.0008361654344805583
65740,6.552895656935865e-05
65741,0.00041893151605239655
65743,0.02028789305098268
65744,0.000346409701905241
65747,0.0006879375739008753
65748,0.0041088385131397495
65750,0.0009469582892375859
65751,0.0270350804369801
65753,0.0006149321451531337
65754,0.07160809354534364
65755,0.0002544301171831869
65759,0.000369943296296317
65760,0.00033667619673048184
65761,0.00010532893146561194
65763,0.00032200002101958914
65764,0.0007596541547599567
65767,0.022404350619654092
65773,0.002632651815635703
65774,0.05235035014478048
65777,0.00048535649044143366
65778,0.15383073376180792
65779,0.00016824100044226286
65783,0.00033829371729334585
65784,0.0012943394763231995
65785,0.002500628428010118
65786,0.00011479665251948082
65792,0.05568402470827966
65797,0.19924076294367207
65798,0.0024978604993854897
65800,0.9968385837879292
65803,0.2511101000192028
65806,0.0011132207031751373
65808,0.00027935377273785323
65809,0.0004861102413149715
65811,0.001332520348109896
65813,0.0007370774535038185
65814,0.0011654285904164575
65815,0.00910043940764213
65817,0.0004204155522737784
65819,0.0007017818462726114
65821,9.386885348162006e-05
65823,0.004123608333745216
65827,0.000724484185104414
65829,0.00021819455961742014
65833,0.00045005128368022496
65834,0.00033469091682009934
65836,0.0005638236472589821
65838,0.00017458628264410876
65840,0.00010055896878966021
65841,0.020650951139340703
65843,0.04644345162485515
65844,0.00014197694146057436
65848,0.00028746935839745944
65851,4.040448323900135e-05
65853,0.007677405242244087
65856,0.012641477033989053
65859,4.8269964642040625e-05
65861,0.002192948651939322
65863,0.0003970103529456874
65864,0.03802727515344209
65865,0.0005659200383265808
65866,0.0013974246198614206
65867,0.3941424212499651
65868,0.0005642335428568202
65869,4.9135771675330043e-05
65870,0.008634636513307968
65871,0.00021128901833621357
65872,0.00016412835411764386
65874,0.0013960161187081249
65876,0.04531025400906637
65879,0.0006224292137066387
65880,1.9453716158238044e-05
65883,0.024272863755428913
65885,0.00027575697455047775
65886,6.8376936590383e-05
65888,0.013998860571373032
65890,0.022863112155401374
65893,0.0007174222663770364
65894,0.00016178275163355104
65895,0.00026444860932304035
65899,0.0009394943747312668
65902,0.0006040125662249661
65903,0.0001965122543909251
65907,0.00038718276611869146
65909,0.00015742816791805398
65911,0.0022025699267122457
65913,0.0032460816714166415
65916,0.0049391209820998415
65920,3.1299756971537745e-05
65922,0.0005209681256687129
65924,0.03606229909107947
65927,0.0036247388290051074
65928,0.0003804707125945301
65929,0.0005630671723746474
65930,0.00015533370542193008
65932,0.33041201190143243
65933,0.00030662618010344014
65937,0.6953631382280525
65940,0.006300298057504024
65946,0.00020735291163944083
65952,0.0021553374756895084
65953,0.0003383245158699483
65955,0.0011495429252819734
65957,0.001195583761489218
65959,0.00016034157423321766
65961,0.0006124600010020306
65963,0.38796729422640647
65964,0.02120186139478453
65966,0.0011266625596962837
65967,0.0005173396499783455
65968,0.00018051547104328369
65969,0.0011170092925271435
65971,0.0013997730068643932
65972,0.0006806970181652139
65974,0.00031671306891590655
65975,0.0002878098047372742
65976,0.0009777594043401008
65978,0.0018494789142209946
65979,0.0006947061151785256
65981,0.02550087006612225
65982,0.0006255637593889498
65983,0.021482669897448393
65985,0.0004149292228915688
65986,0.00031517545096958004
65987,0.0003247447681961278
65989,0.0044641554079142476
65991,0.0056936750357203065
65992,0.00048177016711655005
65994,0.0015515224785133512
65997,0.016693127940971667
65998,0.00019430841094948754
65999,0.0006943688467618375
66000,0.00022458822067772174
66002,0.006866257388697353
66003,0.0005914138369512307
66005,0.00020496254989941338
66006,0.0022995342961410433
66011,0.01260091346563656
66013,0.0005925590682737547
66014,0.0010022018343942276
66015,0.00024350937352636827
66021,0.0006573123298182823
66023,0.00021953994357364645
66024,7.319237494822924e-05
66026,0.00046105294277774144
66031,0.0009019019915182585
66032,0.0005778272336920698
66033,0.009590104975812138
66034,0.024568154111902107
66036,0.0015685206715714195
66037,0.008396845111770263
66038,0.025126368975242397
66039,0.06412882244142537
66040,0.09707829477235326
66041,0.0006931619593101238
66043,0.0005985826520508279
66046,0.0007894727351484235
66050,0.0004960548893326259
66051,0.0005896316195342993
66052,0.0007354028437838758
66054,0.00922930542693209
66058,0.00041351360978943575
66063,0.005637693172237307
66064,0.005073272923794935
66065,0.00020760021993515343
66067,0.0003923460847213016
66069,0.11552188749531483
66070,0.005611974936601582
66072,0.09073505046662489
66074,0.0005365605876872384
66076,0.0009418704814903262
66079,0.0024255500034028226
66080,0.0009730586341588394
66081,0.0005908820771399984
66083,0.00039232088639570725
66089,0.0005676184877607271
66090,0.0012731231997547387
66094,0.004801969464866418
66095,0.013260108876198952
66096,0.0017028131146064793
66097,0.04732403666738155
66098,0.09536856972182892
66099,0.0008104885729751763
66101,0.00010187958886666613
66103,0.002446672368425973
66104,4.4734724054074756e-05
66105,3.419611868487411e-05
66106,0.0011554198324247875
66107,0.00011838810392659107
66108,0.044261102101781226
66112,0.1556308769144939
66113,0.9565435247253902
66114,0.24228381066684374
66115,0.19050482712568334
66116,0.0012426310017165237
66120,0.00040579437321317544
66123,0.012046934744060949
66127,0.0003576201722252887
66132,0.0010650610836410409
66133,0.0003429318706668464
66136,0.00037064027481469237
66138,0.00923040766360939
66141,0.00021858875400667375
66143,0.005728446222875199
66144,0.0004914247484367393
66145,0.0001627985308046122
66149,0.0014645889505226944
66150,0.008886374054552573
66152,3.426935349715073e-05
66153,0.0003135772234143806
66156,0.0024026730967738963
66159,0.00072058247088244
66161,0.00023362530565763782
66163,0.2586377135475414
66164,0.0003795669011011685
66166,0.0045109441774652615
66167,0.00021726346275469522
66168,0.030432310493949462
66169,0.00033204640787387016
66170,0.0014116179220270333
66171,0.0016917793756490102
66172,0.19915572354573827
66178,0.01288858078183373
66183,0.0012383130820477737
66184,0.0001713679889831973
66188,0.0020024916652820962
66189,0.0001836492935249071
66191,0.00044004846885011174
66192,0.06398529229574663
66193,0.005291292355048693
66194,0.0021569553149967556
66196,0.00047457804192966636
66200,0.1778414562662309
66201,0.0009018670755401968
66202,0.11863744581440232
66204,0.00028436037356250563
66208,0.023893556647203825
66210,0.0003885982749894275
66212,0.016096644935659654
66213,0.00010943751922504317
66214,0.014328341596344042
66215,0.20053595298392482
66217,6.039878201314155e-05
66218,0.0002694022405446148
66219,0.22580268031001538
66221,0.003740411358635545
66223,0.0007983584854268267
66225,0.0001593542910442781
66226,0.0003974424231190155
66227,0.00017417618258120293
66228,0.00029777536108097015
66229,0.0012474599087030755
66233,0.002262318328533392
66234,0.037858332954251846
66237,0.0019407294737212616
66238,0.0032524928460588264
66240,0.004769015355726962
66241,0.0005423276806467006
66244,0.000192134373921027
66245,0.11729381372223903
66246,0.00020028341394008305
66247,0.0001063795029219742
66249,3.696321012331236e-05
66250,0.0012855452402919126
66254,0.003931824614102488
66255,0.032171589747782184
66260,0.0014189270312211124
66262,0.00035633899437399215
66263,0.0005989857148281835
66264,0.0006014258015525485
66265,4.2461746415501204e-05
66267,0.035628498628284495
66268,0.000248632722967278
66273,0.06656230450260406
66276,0.00014906645725811104
66277,0.0005721495493943648
66280,0.053660526363611474
66281,0.010329780900388188
66283,0.0006276635248176142
66287,0.0006132505547897911
66288,0.002150807279235557
66289,0.08038104252480352
66292,0.04062940490352549
66294,8.122500120120291e-05
66295,0.00327027977940842
66296,0.008328556767352774
66298,0.0008299945455732438
66299,0.0030513778007498008
66300,0.023046749657785182
66301,0.005070417711662761
66303,0.001614902684510764
66304,0.0007191500398486621
66305,0.007937377506195342
66309,0.005537762687304397
66312,0.002305607954757437
66313,0.0005960166764626323
66315,0.07032731159344552
66316,6.373372657394227e-05
66317,0.0071118819796979595
66318,0.00043995406748292647
66320,0.0002561450369977761
66325,0.00041631986176666113
66326,0.00019827069333514815
66328,0.007025008870230787
66331,0.00017536032159501052
66333,0.0011239081311961313
66334,0.000827640469357632
66336,0.00016159132030640796
66340,0.0009159689589528884
66343,0.00026848517031743973
66344,0.10358239213021467
66345,0.0006037074331395623
66346,0.0005494899089495136
66347,0.0003171088035518683
66348,0.0023183452367865117
66349,0.0014888746325437319
66351,0.0005030004867222029
66352,0.00133975103395727
66353,0.001167575268773076
66354,0.0006311391783655216
66355,2.978687478662758e-05
66356,6.0669120970764416e-05
66358,0.00036580466576516973
66359,5.684999171835335e-05
66360,0.0004217957468956973
66361,0.0007984963890476117
66362,0.00046254233870770146
66363,0.0022298825176317073
66364,0.0006211139457693246
66367,0.02870833999082934
66370,0.0004170174838713411
66372,0.00013046837674167663
66374,0.0008179344828284432
66375,0.1282066629292384
66378,0.0003257484410212915
66379,0.00015056549903951598
66381,0.00013170443148628584
66383,0.002134616959214205
66384,0.0007846227264265475
66386,0.00016148761272896607
66387,0.00027952258569405693
66388,0.003505531857033267
66390,0.00023365230453356345
66392,9.00300737727205e-05
66393,0.0005047743147547945
66394,0.017015055981363384
66395,0.0018166140254505404
66396,0.00012389480144959114
66398,0.016812569495114373
66399,0.00046781574110049435
66402,0.003004571564039592
66403,0.0004964025817092144
66404,0.000133749367418895
66410,0.00697359549578114
66414,0.0008685638114631891
66418,0.0001508113567944295
66419,5.201951435861651e-05
66420,0.7937255027049579
66421,0.004783712994168032
66427,0.0003171649951303381
66430,0.1617183795826212
66436,0.0005041514144496794
66438,0.028228962090755233
66443,0.0008522735455647746
66444,0.013147103804442178
66445,0.0006559255834867024
66446,0.00043071432216398295
66447,0.00045117870754334433
66448,0.013219969885414561
66450,0.0009521494889904738
66451,0.00033883599824814
66453,3.43606469166452e-05
66454,0.0015869663001893753
66455,0.00034128116801272496
66456,0.00014725783948595588
66457,0.00018108153899586005
66459,5.788626268766789e-05
66460,0.000942668798687015
66461,0.11850605318987906
66462,0.0001376618443674473
66466,0.0038745458467893757
66467,0.0003708904072477054
66471,0.001159545731458684
66472,0.00015214655198557685
66473,0.0026376122511740886
66475,5.422513332705064e-05
66476,0.0032636620828630624
66477,0.0012587171685108718
66479,0.004576689048575767
66480,0.2815634236678632
66481,0.0005542288576416941
66482,0.0030336927704634553
66483,0.6971732410850486
66485,0.25203758890269934
66486,8.221112663048198e-05
66488,0.0014642166591396
66490,0.0011209243923390936
66491,0.0002906110218174177
66492,0.010268546839371019
66495,0.00017099144784643374
66499,0.0015886223690043018
66500,0.004113861005485252
66501,0.21088341191276133
66502,0.000495797837410933
66504,0.000210350757732446
66506,0.00013024151168982914
66507,0.0008307448809950133
66508,0.00030674561167042734
66509,4.032503722604766e-05
66511,0.04978411648584353
66512,1.2659330233116714e-05
66513,0.004396637076048406
66516,0.0011923090363955705
66517,0.0759060878820447
66518,2.040023473322972e-05
66519,0.000565679194884856
66527,0.00708039168430277
66528,0.04951257141943955
66530,0.00034396655103814493
66531,0.00018964872640639125
66532,0.12317030470890751
66533,9.909483614815821e-05
66534,0.003339160402441949
66535,0.004742279621453062
66541,0.0004967814988543587
66545,0.010779983296297362
66547,0.0010792601191571348
66551,0.0011216032582935537
66556,0.0017656070357116819
66558,0.00045166797513703926
66561,0.04528436096279808
66562,0.0003323694466880061
66563,0.03431154956531513
66564,0.00019161812086400328
66565,0.39864423024435414
66566,6.897541066342415e-05
66567,0.001117951570016323
66569,0.00026564753013406803
66571,0.0004697828104018838
66571,0.0004697828104018838
66574,0.00011923916657496323
66575,0.0006747357177889679
66576,0.002445343021219996
66578,0.0038165067164322147
66580,0.22473954770153937
66581,0.00029503938212706066
66582,0.009742719290550244
66587,0.0877000719852186
66588,0.006259332464506628
66589,0.0010680913994105595
66590,0.0005916582889422037
66591,0.00042026124371652294
66592,0.0014125643964061712
66593,0.00039555314587189224
66594,0.0022528415680422137
66597,0.0024535459864614686
66599,0.0006713619030753815
66600,1.1997327205417916e-05
66602,0.0005057269362733086
66603,0.0004939555316502062
66604,6.783692775410614e-05
66605,0.0001525266670788517
66606,0.13282639057254206
66607,0.0004940069026091486
66610,0.0037666581544371102
66611,0.0041384021285018335
66612,0.0006071238490475327
66613,0.00011714418416362122
66614,0.0007908933264739585
66615,0.00040951426216910797
66616,0.0006012754224684339
66617,0.01507506197647937
66620,0.0055843383667884385
66622,0.000522207566213745
66624,0.0002522401646624658
66625,3.2961617197366835e-05
66626,0.0002572921559776835
66627,0.0010147480291758017
66629,0.00022857302102825925
66630,0.0401684017718173
66631,0.00027119612394889533
66633,4.468693152631824e-05
66635,0.00016792918692437055
66636,0.0013612643680499666
66638,0.005638530405573588
66639,0.00012778406829363418
66641,0.009345304053916275
66643,0.5262362155613323
66645,0.04660310593651944
66646,0.0004519535379057845
66648,0.037874047301963164
66650,0.0006684793769146996
66654,0.0006168364245401522
66655,0.00017335386492556133
66656,0.00036728526275727163
66663,0.004354689761286493
66670,0.0002640580909288398
66671,1.4072811420396365e-05
66672,0.00019389157078128513
66676,0.000887540472185754
66678,0.021630672258583342
66680,0.021520510872453005
66682,0.00036379745809953044
66683,0.00048364231475073833
66687,6.13124031171043e-05
66691,0.00020943731925773205
66693,0.006688553007890605
66694,0.0005275646530785706
66695,0.3236187792463038
66696,0.0012897520038121558
66699,0.03743734043564476
66703,0.015087977591161143
66707,0.00012373880481936694
66708,0.304811814380365
66711,2.5614111836366952e-05
66718,0.0034466431824099904
67483,0.0003983258617746348
67487,0.00021253365000025256
67489,0.03206394211753226
67492,7.024133468738213e-05
67494,0.00022464344484036133
67495,0.0051550782992749
67497,0.0006575422965306335
67503,0.08577571368499959
67504,0.00022297381672565063
67505,0.010998308428141906
67506,2.5400995088192355e-05
67509,0.00017619895855842908
67512,0.0001685191660082723
67515,0.0004238717767193951
67516,0.024476811709742183
67520,0.002964039427970684
67524,0.00011943857579121423
67531,1.644220278009259e-05
67534,0.0022591321300567363
67538,0.00023990710643860376
67542,0.0008397542811140338
67544,0.00020738174843197053
67545,0.00041035274734998366
67547,0.00017130285310489675
67549,0.00010000598783142885
67551,0.0014865758915065341
67553,0.0027395190952885272
67554,0.00028628479299921364
67557,0.0012595158902732068
67563,3.737224277753601e-05
67565,0.004023777409523712
67566,0.024691302238777673
67567,0.02276672515394152
67569,0.00029529142392879294
67573,0.0018431545410677124
67576,0.020558362417872598
67580,0.0002609707022120809
67581,0.00011801301893132803
67582,0.008181859647681691
67583,0.0001811482743303516
67588,0.004962046627583287
67602,0.049753548087005
67610,6.190146825747953e-05
67615,0.0008016652666051856
67624,0.0012376039728349002
67628,0.00019572259390909338
67629,0.0007719276053877504
67632,0.00021528761310716743
67634,9.245889226896646e-05
67637,0.5196638115812177
67639,0.0004124907372944026
67641,0.0035553402561036545
67642,0.00012863197043834297
67643,0.03460692161245987
67645,0.0002205779820848206
67646,0.0029076931008640092
67647,0.00046372366832243426
67651,0.002131544986481167
67652,0.0009254287174823889
67657,8.150298545218372e-05
67660,0.00023185845670178198
67661,0.002297818373140232
67665,0.00019753219076656882
67668,0.00025408890987651736
67670,0.00017787696816021372
67677,8.379531214849234e-05
67682,0.000156263355797132
67684,8.590385285845498e-05
67688,0.03731256827101619
67692,0.0035869696420298917
67693,0.00015813131758034656
67694,0.00022330180066041825
67695,0.0002505358464873174
67705,0.0003620787498169165
67707,0.0007923200470063556
67711,0.016426638303742722
67716,0.00011728626042361868
67717,0.02358660289545992
67723,7.412738825688541e-05
67732,3.388855784610382e-05
67735,0.009872073705966253
67736,0.0003829378685405511
67739,0.0003310181653682594
67742,0.00014823335635850046
67743,0.000587749550947075
67744,4.565842663314328e-05
67747,0.0002571831507310317
67748,0.00017112491720766028
67749,4.718945689626381e-05
67753,0.005717600057303764
67757,0.06041359658502637
67759,0.002518395026876912
67762,0.000223958356444852
67764,0.0001496184487614758
67765,0.0004970637789978877
67768,0.0006037067233273456
67771,0.0003178693776221463
67772,0.003146660042465118
67778,0.16228143052476734
67779,0.0002463982318984494
67782,0.034222783699575744
67783,0.001352975105011362
67785,2.8474597724660558e-05
67787,0.0005132790709091926
67788,3.5581309135704804e-05
67790,0.002035939942695711
67791,0.00012981447806510515
67794,0.0020401503374466007
67795,1.536059110684638e-05
67805,0.0002044432101283834
67809,6.84601365931991e-05
67810,0.00011772987987828575
67812,0.007694751671134628
67815,0.0004895494670769346
67818,0.20348681379281042
67821,6.110110360575342e-05
67824,0.0001535631212932877
67826,6.855983726798797e-05
67830,0.001014471201498707
67831,0.00021415462307951903
67836,0.0015608290613521598
67841,0.00036242969811032486
67846,0.0011556078152181897
67850,0.006253495955475193
67852,0.0003134278578617737
67860,0.0008081245542814424
67861,0.009656375957992486
67864,0.00011389608951170802
67868,0.00011680185432786004
67873,3.1226993951139746e-05
67875,0.00022637854469332805
67881,0.00022097024066105176
67888,0.000308246498774539
67894,0.0013773868493476146
67898,0.0003698244668304602
67900,0.0002409502810696545
67902,0.0006950283088140887
67908,0.07457348645651632
67909,0.00013952504703209598
67910,6.528563949426128e-05
67912,0.00021980272209777506
67915,0.0003711263471466622
67921,5.096766570992639e-05
67935,3.247125892815354e-05
67938,0.0001196886024566085
67948,0.0017722308380960416
67953,0.0004451368001691414
67955,6.26367640820584e-05
67956,0.0003458784149182828
67961,0.0007080004664537954
67965,0.00012849175538491418
67968,0.00045433922329515006
67971,0.0004514984898641324
67972,6.64826145117251e-05
67978,0.00013202433055529145
67984,0.0001926583057746153
67986,0.0037700810845253964
67987,0.00034078993026330614
67988,0.00015697111327039222
68001,0.00030152401206522226
68002,0.00045267926171442714
68003,0.0004575642446753978
68016,0.0004507399589727674
68019,0.0002575805916002213
68021,0.04114898148161023
68025,0.0004579627778149742
68027,0.00016579720807385637
68033,0.00022867084877596842
68034,0.00021675508284711053
68036,0.0007440869568142122
68038,0.032348195375648106
68039,0.04069576288888091
68047,2.1701783302555537e-05
68051,7.286558405022744e-05
68053,0.0003385220949794758
68054,0.00029246002933726756
68055,0.0005226862932152149
68058,0.000655845967539267
68062,0.0002644055457852463
68063,0.0005235756157687043
68065,0.008668699046142463
68066,0.0005136635356889757
68068,0.0021097289481027664
68070,1.2558931228032065e-05
68071,0.00010031291503211393
68072,0.000359836518243481
68075,0.001733506581932464
68080,9.224928821188329e-05
68081,0.0007832161589185125
68087,1.4084728225560074e-05
68090,0.0005657597314083168
68091,0.00015642478906115035
68099,0.00010616947754326256
68102,0.00012086890502560716
68110,0.0011123452517737696
68112,0.06491230790923472
68113,0.000397671528288941
68115,0.0012116131757804014
68136,9.986144386917115e-05
68137,0.00015094785892628737
68138,0.00010490864817270306
68139,0.000427010393150815
68142,0.14999148664381862
68153,2.4385962229304297e-05
68154,0.0002937787201675175
68155,0.000496396473003514
68156,8.395376668292972e-05
68161,2.7853243159543447e-05
68173,0.00013888008455361208
68174,0.019358391502718557
68175,0.00012892888658958102
68177,0.00038593900977221507
68178,0.00011045118230786798
68181,0.00017577167243060888
68187,1.651717628305104e-05
68189,0.0005670270261872486
68200,9.719137409134866e-05
68201,9.886816368432987e-05
68202,0.006768061294120462
68206,0.0003943290996109226
68208,0.0003580686901060963
68209,0.00019811213670409584
68212,8.795382514418797e-05
68213,0.00020434409920821577
68217,4.46091989711954e-05
68218,0.0003373248306470805
68221,0.001178231653943513
68224,0.011546237542671332
68229,0.26683448791822656
68233,0.00042895891144678475
68234,0.00016908233668788632
68240,0.7610247736530029
68276,0.0002629571324198114
68280,0.0007608288582334228
68287,0.0007080199294365494
68290,0.00023341681041070286
68296,0.003455323458301635
68303,0.0015827788229108267
68306,0.0005400487769735423
68307,2.543884038008014e-05
68312,0.0001423672517845999
68315,0.0009178567399522424
68322,0.00013659520079593827
68324,0.0188691831182871
68332,1.81994532521435e-05
68348,0.46501641357264023
68351,0.0034892112163338626
68352,0.0015708400500334678
68357,0.0006096200913686283
68363,0.0007993826111248291
68366,0.024598725137536123
68371,0.0005289254899468731
68373,0.00414669754327859
68375,0.011417225869863105
68379,0.004627598660535799
68381,2.02328183900058e-05
68383,0.0009832144486187587
68387,0.010327765971244893
68396,0.0006065390303905449
70252,0.00010707541514611272
70253,0.0002426528299013497
70261,0.0017394662120959043
70263,0.002412202909632985
70264,0.0009152960704958534
70266,0.0005387095415010764
70267,0.0011545025007665697
70269,0.00788002187867639
70270,0.027434575283720185
70271,0.0008052441032687155
70274,0.00026225026900597185
70275,0.00011348639950269754
70276,0.00031234979203093944
70277,0.00027186803545072925
70280,0.0007025200265123717
70282,3.284101037945471e-05
70293,0.0012856100217131052
70294,0.0001122596828206741
70296,0.0003835596759826149
70298,0.000821123448125125
70299,0.00032712563702341996
70300,0.000836431172704158
70302,0.00017366247322788463
70303,0.0030583085202006382
70304,0.0028145534362933604
70305,0.00418853073682963
70308,0.00021943768327389022
70311,0.00025725708665250846
70312,0.0001251909865528411
70318,0.001754593294288871
70319,0.6073048103912377
70322,0.0009272745356542877
70323,9.220073358215908e-05
70325,0.0007177393240479107
70330,0.06804391846294656
70332,0.0513147085030969
70333,0.00018267408370673622
70340,0.0038879456601372204
70344,0.007118366625962161
70348,0.03323137032134533
70349,0.00045762510021231883
70351,0.0004125366884727758
70357,0.24835846554261376
70361,0.00026778882525222943
70362,0.010107412995725608
70367,0.00024604443585598976
70368,0.00018179562216100208
70369,0.06861690124202376
70370,0.5648319905587448
70373,0.00013524456566779903
70381,0.0007053317347479097
70386,0.0023601246901392304
70389,0.000737109116349724
70393,0.00012821800358717451
70394,0.9861901960848063
70396,0.0003789682500108228
70400,8.498304482746582e-05
70402,0.010558201942798662
70405,0.03780631362183187
70406,0.03757459351202735
70408,0.0020119408377712927
70411,0.0004432926170585002
70412,0.0002920520943356449
70416,1.3917915211621396e-05
70417,0.012916890548623378
70418,0.0001952032891690583
70419,0.3399477630213681
70419,0.3399477630213681
70420,0.0008487439883204719
70424,0.011427256130359317
70433,0.0027655742573129316
70435,0.0007606127291701718
70436,0.0022513189465246976
70437,0.002346136952287111
70441,0.00039721221132155995
70442,0.00783765806287393
70443,0.012823180243927408
70445,4.572472272868039e-05
70447,0.00019921146277233456
70450,3.349727915371432e-05
70451,0.0002737417350894268
70452,0.0009340738382033848
70453,0.02177823998320327
70455,0.0004139114375650456
70456,3.561267312153882e-05
70458,0.00021857213129349506
70461,0.9228404830175944
70462,0.00036099367859019927
70465,3.59162700674642e-05
70466,0.00014711561905459065
70468,0.0003758315473685441
70471,0.0006298728248234841
70475,0.0001281869053121481
70477,0.00015649232473457614
70481,0.000899660989787817
70484,0.00035235871346470826
70485,0.000386601458584224
70487,0.00023442687271932891
70488,0.00011380170345135098
70489,5.503484638793739e-05
70490,0.0008713185093293309
70491,0.00029194438944207346
70492,6.424367227390533e-05
70495,0.00032207126068731977
70496,0.00466990170482832
70497,0.0005747232389581116
70498,0.0011112022522932043
70500,0.00043431522038953594
70503,0.0004902418887008106
70505,0.0007477526987766735
70507,0.0007321730734846515
70508,1.4050247116028228e-05
70515,0.0001805156063912563
70517,0.0003190128704927077
70518,0.0005350795352626099
70519,0.00015950441443299257
70520,0.0004420722453824417
70521,0.000315131108912545
70522,1.5356107836209814e-05
70523,8.964917406769917e-05
70525,0.0002822588344433123
70530,0.0004466140604416421
70533,0.011296658839451358
70535,0.0007277967942066923
70537,0.00040414226165150566
70539,0.0014002150175877683
70547,0.0010156199999783744
70554,0.0013555661804031212
70559,0.0187602991123802
70560,0.0022010057286155627
70561,0.002925362085422571
70564,0.007111638444878613
70565,0.04273227781771411
70566,0.04717291404651466
70568,0.00015394297490099707
70572,0.0007891230142545448
70578,0.0009658617631180286
70581,0.0003895799849827038
70582,0.007754635508815532
70583,0.0017814161578192415
70585,6.030619687690791e-05
70586,1.8014543245952668e-05
70592,0.004865254906839306
70593,0.0032176835173891565
70596,0.03910954825046085
70598,1.2077142049810164e-05
70604,0.00031052376001706506
70607,0.0014197446135080982
70609,0.00015580158148624588
70613,0.5439894989657904
70614,6.147729194075187e-05
70615,0.0016861488941315283
70616,0.00016207726687282007
70624,9.988113681600354e-06
70629,0.0012210515924631633
70631,0.3286354492056479
70632,0.0027104273481133256
70635,0.012182888395612775
70636,0.0003949857667806297
70637,0.0006273718660102784
70638,1.9330553158093945e-05
70642,0.00039755242677747774
70645,0.0011848024069341509
70650,0.02155515569635487
70653,0.34732378206183895
70656,0.00019317196001667736
70657,0.0006229143130023791
70658,0.00576568732799377
70673,0.04591827549542458
70678,0.0008854720870298211
70680,0.06981140628680746
70684,0.9496655075366265
70688,0.00332709061594223
70691,0.001609839837934403
70693,0.005828263221662747
70695,0.0026398654284988743
70697,0.04112760288548581
70704,0.0005596890221216866
70706,0.0003388156638263151
70708,0.00016992658688528837
70717,0.8472119742784874
70718,0.0009293367629940039
70719,0.0005842521981922828
70721,0.000741780162989232
70722,0.0019506621812786264
70724,0.04030683723882366
70728,0.014831746455246363
70735,0.958683500082828
70739,0.004112596291820885
70743,0.00021521339615180904
70745,0.001394260054791554
70747,0.00026587959929680067
70750,0.007281891827107532
70751,0.009903378078939453
70752,0.0001057135078217567
70758,3.059032463239985e-05
70765,0.00012190786973940887
70766,0.00019947534885014033
70768,5.579447808326371e-05
70770,0.0009321145212193956
70771,0.00010049578575841757
70776,0.0017248116664403672
70777,0.00038845273599154295
70778,0.029567881803416338
70780,0.0028143473900688254
70784,0.004961701088611419
70787,0.018896007570797724
70788,0.0004587857143317073
70790,0.0026521488198237918
70792,0.00034408726019663206
70793,0.00011839085452780176
70794,0.0005033005022383869
70797,0.0005707393949870945
70798,0.00029839789932377
70803,0.0019963132538766597
70804,0.0003051972520431442
70805,0.0004224386771748121
70813,0.00010183330423878701
70814,0.025648090440235638
70815,0.00016580779270660418
70817,0.00038508781297914743
70821,0.004024226258952301
70822,0.0006305715543990082
70825,0.022772049024632562
70826,0.00013329431243789782
70828,0.00033700649904361285
70831,9.533083154659167e-05
70833,3.792257286124111e-05
70834,0.00018662576141937194
70835,0.0005480060093506193
70840,0.0002431615609458218
70842,0.0007292635760064648
70844,0.0009935986263412805
70846,0.00026295537248873803
70847,0.0003436586237957103
70849,0.0006318349548647572
70850,0.725720861566494
70851,0.0002448494623471346
70853,0.05142632918924885
70854,0.0002933410685172622
70855,0.0006037781625639843
70860,0.0002777169334729468
70862,5.481708012243808e-05
70867,0.0008624607782292189
70869,5.5898615738995306e-05
70870,0.0005325657532859317
70872,0.0008047368856095461
70873,0.00034413655625405626
70874,0.00019977808339834968
70876,0.00016916060461899288
70877,0.005897073753274569
70878,0.00020800044088400027
70879,0.008334825826045377
70880,0.9755971650861293
70881,0.0008263369958479846
70882,0.00012139054841000269
70883,0.011752343102786106
70884,0.0008965317202887823
70885,0.023265110730681486
70886,0.0009712043532834438
70890,0.00017594726062304385
70891,0.0005696422804918315
70892,0.0014201428485181135
70894,0.0013946519252389694
70898,5.4608555021947147e-05
70900,0.00016825337775274628
70902,0.0011915067533639864
70905,0.0015468308380901627
70906,0.01391188845627787
70907,0.837808528904237
70908,0.000247803344253636
70909,0.0037737922843175085
70910,0.4138489793437542
70917,8.205060202447274e-05
70918,0.006645352869732273
70921,0.016750738960623526
70923,0.0001763930211216961
70925,0.0005030084222782947
70928,0.10297109465404404
70930,0.21216337737738372
70934,0.010273379607260057
70940,0.0007395092764889966
70946,0.01607670624339721
70947,0.009329083577158438
70949,0.002651514209545935
70950,0.00010949961419207935
70952,0.00030861552503695227
70953,0.001569739584665672
70954,0.07546153034606028
70957,0.01913510280375263
70958,0.005112482293192655
70960,0.012909787910873693
70965,0.00032134050136003393
70967,1.6492876561907326e-05
70976,0.0010889463799326942
70981,0.0003876187164232939
70985,8.627924072531706e-05
70987,0.0006447784865915842
70988,0.00031802990110693565
70991,0.000741598669959298
70993,0.6911597683290298
70994,0.7436597170587792
70999,0.00016440954739459766
71002,0.0007188803329016446
71005,0.0004628801509270088
71008,6.586324053609842e-05
71009,0.0001898483482730307
71010,8.550777029398759e-05
71015,0.0001502568902422688
71017,5.813303649023375e-05
71020,0.011829654019945991
71026,0.005870261632695209
71027,0.0006439403673916076
71028,0.00040461480216459644
71029,0.00048312873705850384
71033,0.006504920091612824
71035,0.0004728542992671125
71036,0.000801852230686692
71038,0.9635569739220138
71039,5.4552546521112303e-05
71049,0.0015162094089559038
71057,0.00031572153465360945
71058,5.881504824252254e-05
71062,0.00040271391329287803
71063,0.0006949150305455415
71066,3.9281311893466016e-05
71067,0.0008187467737302803
71071,0.00027194928419587534
71076,0.19354609927797836
71078,0.00020627543700798867
71079,0.0002413262314153084
71081,0.0010833870627017439
71082,0.00026044947376282384
71083,0.00021044653801813692
71084,0.0013397387551608818
71085,0.00033793965426874106
71088,0.0009188744452668334
71090,0.000476150373201119
71091,9.916824100124631e-05
71093,0.02300625061027973
71095,0.0028437290081841106
71096,0.03020398650130059
71098,0.012417803819018289
71099,0.0010803663045080248
71100,0.006673158441730509
71101,0.0004143900756143583
71102,0.004985003187947855
71105,0.005209596805961003
71108,0.0005023546618494008
71113,0.00043186938075328544
71116,0.00023003639457931392
71120,0.0007871913195728486
71122,0.006762273699562897
71124,0.04313312562254425
71129,0.00013305575067229153
71137,0.03820669622453375
71139,0.0011882109828452827
71141,0.010254731509845677
71143,0.007868408682392457
71144,0.0003964204152048472
71146,0.39345966097228674
71148,0.00043977511137936406
71149,0.00013967604551328426
71152,5.690165910383643e-05
71154,5.321243507319451e-05
71155,0.00012414213917790964
71157,0.00036554841675567076
71158,0.00029075823670549685
71159,0.046634580816608734
71161,0.0005079643623413917
71162,0.0004775171017459119
71163,0.0004089374477762813
71165,0.0071957187430021965
71169,0.00047267859408155785
71170,0.00027353536683727273
71172,0.0010618690517621514
71175,2.6123641934471312e-05
71176,0.00971664922959691
71177,3.8925839547075805e-05
71178,0.0013231978690029702
71182,0.0005702942129613843
71186,0.00011771786625982656
71188,3.4318185072242646e-05
71190,0.00022635644104393983
71195,0.00023134888918749217
71197,2.8827599602559027e-05
71200,0.00013457574503188163
71202,0.0007309219240659899
71203,0.0007015388480821993
71204,0.00034622751749067087
71209,0.0014021466391223013
71210,0.001554061886067601
71211,0.00028048562000475947
71214,0.02395816882129858
71215,0.0009199533305498279
71216,0.010921551834565089
71219,0.005380076444442987
71220,0.0010635988162162676
71221,0.0002410337276524415
71222,0.005292349485656477
71223,0.0009878834046197066
71224,0.27792574710040613
71225,0.0028300352489228206
71227,0.05870952079305322
71228,0.0001394858287048559
71229,0.08604048163827872
71230,0.010364269068585823
71231,0.00011841126461905073
71232,0.012718905204516429
71234,0.017695411984090584
71235,0.013476198173061959
71236,0.02050841180959236
71241,0.02382552613396962
71242,0.00144162261874469
71243,0.0009103980629348734
71245,0.0009096395817405472
71246,0.00012488027242971926
71247,0.00039724320276227293
71249,0.00018321135929128893
71252,0.0001287950062092859
71254,0.0010349223237470892
71256,0.012235718948426625
71262,0.0019005088757660777
71263,8.202771864862537e-05
71271,0.024350235086575044
71273,0.000431195844173702
71275,0.0004161581566813754
71277,0.00010685072781391961
71278,8.350136310286521e-05
71279,0.0024097646509145245
71280,0.0005704310085054169
71283,0.0007408353141381457
71286,0.002275177588937475
71287,0.00023998274709183023
71291,1.1603468851710159e-05
71293,0.00010457687446296338
71295,0.007110813383525199
71301,0.00011642687954637585
71302,0.00016174397690546147
71303,0.00029034343004159227
71304,0.0022713631723966054
71306,0.049478383511677576
71309,0.004489351872082261
71312,0.00017949607995951055
71315,0.0007951582826094223
71316,0.00019667042982775897
71319,8.682489420171541e-05
71322,0.00022627075473513882
71323,0.0005060520234570928
71325,9.762510530797412e-05
71326,8.53044894727679e-05
71329,0.0017883906380077154
71332,0.044904533945219205
71335,0.00043600763076925446
71338,0.06291689429042636
71339,0.0003577124838391078
71341,0.0011186917189300442
71342,0.0009179159238128157
71347,0.00018211522897607066
71351,0.35781681733754217
71355,0.0008257861554533372
71357,9.686700005668884e-05
71358,0.0009290197824804367
71361,0.0028352618478069075
71362,0.000314260680141293
71366,0.0024450033414943643
71373,2.2003689428138167e-05
71375,0.0001458196856634825
71376,0.00010890102881914307
71379,0.0025392362859445
71382,0.004027993364679938
71385,0.00039459770752992246
71386,0.00036411713798736053
71387,0.00012624557368828664
71388,0.001143157784848952
71390,0.891264668009969
71391,0.00020553250051921952
71392,0.005396336421933959
71399,0.000231163323514605
71401,0.0022970675443911006
71402,0.001576443837203823
71406,0.0005487703494068152
71415,0.00030278003584397134
71416,6.851249935183252e-05
71418,0.00018858345082782882
71421,4.72721981822993e-05
71425,0.00032046367041104097
71430,0.00010065279720829384
71433,0.004226280824774292
71440,0.0030579621016765036
71451,0.0005620393811605778
71452,0.00034241481929337574
71456,0.5005979824190758
71459,0.00017218156558834394
71460,0.0002940672844400483
71462,0.0008340819362916447
71464,0.0005260131070290516
71474,0.000628123820979405
71476,0.0004289152458689349
71477,0.013828925647267787
71479,0.000607594861806993
71480,0.0034404679681005485
71482,0.00010819394641841812
71491,0.0028763164944260893
71493,0.00022579589162952666
71494,0.00013072494927750405
71495,0.00174477465696008
71497,0.0005480739003708049
71498,0.00020268876647503456
71499,0.00040825600248436917
71502,0.0004185798542486853
71509,0.008165195430544574
71510,0.034566672082171145
71511,0.00868112386251676
71512,8.864071863719212e-05
71513,0.00016792840917600164
71515,0.003984651935123334
71516,0.00022133432800432905
71518,0.000628551780223302
71522,0.0001494332429192723
71523,0.00044474684363033257
71530,0.0011422980736033052
71531,0.0005041579048105507
71534,0.00010214919893657521
71536,0.0018175923391775465
71541,0.00047832080190528834
71544,7.867878975366716e-05
71548,0.000957230491787568
71549,0.00028435678667400967
71552,0.030981125802811253
71554,0.004765863288773096
71556,9.005930919966866e-05
71559,0.007825476479388194
71560,7.81008703220282e-05
71561,0.3561631795126588
71562,0.009820656453901634
71563,0.00047854700376769315
71571,6.79043850254704e-05
71578,0.01766573400645164
71580,2.56406029024705e-05
71583,0.01313125937108783
71584,0.004776069822135396
71586,0.013106711448826264
71596,2.714927370777025e-05
71600,0.0013279555807584398
71601,0.010261635699066013
71602,0.005633638664539401
71603,0.0019866959980446765
71604,0.0006949858575004019
71605,0.00012964899020848409
71611,0.00022220564978164302
71617,0.0007657711565180057
71618,0.00014412604906698185
71625,0.6336782958918203
71631,0.0008090553153672634
71632,0.0019033924831302436
71634,0.00011366641926570276
71636,0.5670386960301075
71644,0.00017766022303248856
71645,0.24512844892612856
71646,0.2528266539342611
71648,0.004699843550148148
71649,0.0025618947258531062
71651,0.0001004256636367824
71653,0.0018093503950415927
71659,0.0005094868160663213
71662,0.0001882847265554019
71666,0.0004688292876501284
71671,0.00012883233393500435
71674,0.0007846139986915812
71679,0.001561263279417291
71687,1.4296319004901056e-05
71688,7.145538153420974e-05
71691,0.004645820761083443
71693,0.0004658365642293792
71695,0.00016709863047664273
71697,1.836603306873509e-05
71698,6.712182270667339e-05
71701,8.311833049561625e-05
71702,0.00013671107312595855
71705,0.00030384506802002187
71708,0.00026680396948836467
71709,2.5294933744112004e-05
71710,0.005742503764488699
71712,0.00024300135372601632
71714,0.0003376506437371554
71716,0.0009785543192710703
71717,4.9914854758715064e-05
71719,0.00013887721721352828
71720,0.0009278395044722838
71721,0.00015011055924524688
71722,0.0002752126868638597
71725,0.00044701065963703485
71726,0.0006859808350159052
71727,1.4517642492233783e-05
71729,0.00032392467496581475
71730,0.011419623907024126
71738,0.00044301438270921223
71740,0.020825990310331596
71742,0.00015500816925813552
71743,0.09634903789109613
71744,0.0010258141016227836
71745,0.0019443801142195467
71746,0.0001305222282488803
71747,0.029094006070173636
71749,0.00014938345437497108
71750,6.532869324249906e-05
71752,1.1172787976817938e-05
71754,0.00045186135767652665
71755,0.00028022630162787096
71757,7.599980161677647e-05
71759,0.0008880337425920179
71762,0.0005381256064172619
71764,0.0011904528152745346
71765,0.000568884344588429
71768,0.045617726600212516
71773,0.0021722622529113437
71774,0.0002506697387023811
71775,0.00026878204071172096
71783,0.00792930532112571
71784,0.0003801952918517301
71788,0.0003818093597503773
71792,0.0022018913376934033
71797,9.951259999432967e-05
71800,0.022452104840411453
71802,0.0006953087401614644
71804,0.0011535992777421998
71810,0.47113693082303526
71811,0.00036874716807336794
71813,0.007119781130040314
71814,0.0005019631977920687
71822,0.026563098557328305
71823,0.002889055171372711
71825,0.7476895278084035
71829,0.0005290923413577889
71832,0.001322278080901071
71834,0.00011582768354528008
71835,0.00027337336196557306
71836,0.0009389886038567161
71841,0.03855528207189095
71845,0.017849938541825018
71846,4.512625687234716e-05
71847,0.012724665848541133
71848,0.0005427297878597024
71849,0.000634761845949337
71850,0.0019690612352459393
71851,0.0024437470697991647
71853,0.0007779878644539044
71857,5.830673979312854e-05
71858,0.00018498461589013288
71861,0.7483221332549836
71862,0.00352965100956439
71865,0.007537413098387759
71867,0.008179103882804493
71868,0.0035240121876787146
71872,0.0007162915760583423
71873,0.00012304175438003766
71875,0.0019144579627495592
71888,0.019897741084050534
71889,0.7825204730346575
71894,0.0003409119840558501
71897,0.00036285437991068393
71898,0.0002980790259266666
71901,0.40060478436177516
71905,0.3994038708463117
71907,3.4790890051838304e-06
71909,0.0002474214547684931
71910,0.0004941598217850013
71915,0.06944966001664467
71917,0.003144371720770718
71920,0.5875793182180609
71921,0.013606153004056458
71922,0.00994648539116506
71924,0.001910424583968364
71925,0.47570227509397645
71929,0.0005809179908370528
71930,0.0013069421376547805
71931,0.01745519246693406
71932,0.00020873132809701275
71939,0.001228351770675898
71942,0.00011487069271979712
71945,0.0021997714974865555
71950,0.0026957064465268224
71951,9.290268205297347e-05
71953,8.259497150513722e-05
71955,0.00012615253007298158
71958,0.0028772879926178595
71961,0.0003743108998853857
71962,8.874803728036815e-05
71969,8.249516657013864e-05
71972,0.012666940276773038
71976,0.0009494562040278854
71981,0.00045218967861605504
71984,0.01002009149537143
71985,0.00015224419265371834
71994,0.0025262188780313427
72000,0.00013136813286971445
72002,0.0003425365958935134
72003,0.009446325988052128
72005,0.0006635559012450581
72007,0.004262038228597316
72011,0.009747496091795807
72012,0.0002925998992496684
72013,0.01856981204374732
72015,0.0015899307629970191
72017,9.78621080973455e-05
72022,0.0035534014296557167
72023,0.0005712726352913465
72024,0.00015598885938684912
72025,9.048128465983846e-05
72029,0.00289263674779558
72030,0.0002764617760807182
72031,9.828605836739035e-05
72033,0.0008672890325029432
72036,0.0004497649857704157
72038,0.00039673781462841614
72039,0.0008308539093524099
72042,0.017767914822880166
72044,5.5801908972257845e-05
72046,0.00013628263835764766
72048,0.0005024389027983629
72050,0.0022137052524162665
72051,0.0002582480994761994
72055,0.011608855604058076
72056,0.0012189869709044597
72058,0.011589092101429641
72059,0.00074390219337046
72060,0.004633367377447843
72061,7.872444282614243e-05
72064,5.411549637288899e-05
72071,2.956937572750765e-05
72072,0.00016674933613412233
72073,0.00490449105511133
72074,3.30598061404248e-05
72077,0.00016389409746174306
72079,0.00034255531741128874
72082,0.269205798946766
72086,6.742833495976028e-05
72088,0.006327858585045199
72091,0.0016104331198086635
72094,1.4883367410309597e-05
72095,2.9971102351700115e-05
72097,0.08501799906608402
72102,0.07766737054588553
72104,0.009363716647981128
72106,0.05266933407714638
72107,0.0014403092485007476
72109,0.000132561672360487
72112,0.005165668432992892
72116,0.0034933612903909764
72121,0.00017327436013757244
72125,6.079609177369623e-05
72127,0.0002478426541677425
72128,0.0005126650263752593
72135,0.0008798105962030552
72137,0.0002703542407862252
72138,3.535353572353391e-05
72139,2.918107857098801e-05
72141,5.921212624236267e-05
72144,0.00010729782602727318
72146,7.01439329129374e-05
72147,0.0020970206469311963
72148,0.007860121372747787
72151,0.00023582368305290213
72152,0.0019819204628541047
72155,0.0037764828407764626
72156,6.401835229643716e-05
72157,7.306676946493922e-05
72158,0.00039098634462405126
72163,8.693571322613015e-05
72164,0.00015786550241226365
72167,2.1528752980403904e-05
72170,0.0014219800214203553
72172,0.0084507785084182
72183,0.0003570072584980474
72202,0.011907213839332267
72207,2.840933923545506e-05
72208,0.005194967056380964
72209,0.0010068168522161431
72215,0.0001347248927176585
72229,0.0003802700180325301
72230,0.0002721147829321076
72233,0.003401106511509264
72236,9.833494671579412e-05
72237,0.007206906787584994
72239,3.6060423762371104e-05
72242,0.0001685513303793944
72243,0.000500573504087488
72247,0.00010396995567744023
72248,0.020190840401161588
72249,0.0005684772001279461
72253,0.0003802607358253411
72255,0.004342501314419042
72256,0.002158991561411442
72257,0.0016912167982750122
72260,0.0005470962527844842
72261,0.006133946338650253
72262,0.0007286528991254483
72265,7.889182566322246e-05
72266,0.001559680103916363
72267,0.0010778470168999552
72272,0.005767007588820849
72274,0.21305121925707005
72275,0.002301423025347577
72276,0.08140496932097453
72280,3.500109917268096e-05
72289,0.010813798431909551
72290,0.00037755582439286367
72293,4.861089244459811e-05
72295,9.649991475058493e-05
72297,0.0009533325880454418
72298,0.0003510320400495786
72302,0.00010957996510694911
72307,0.0009331181213452953
72308,0.00039056198707385564
72309,0.00034845465539843566
72310,0.0004417317405947101
72311,0.00029035608761707025
72312,0.0029811381558247996
72313,0.0001956110871561999
72314,0.0011337537024053278
72315,0.0002820963668742059
72321,8.679067935451348e-05
72322,0.00011569819641578114
72324,0.0006117330306542484
72325,0.0006499010547278935
72326,0.00010728726908749792
72327,9.205022432632797e-05
72328,0.010357817223385244
72329,0.00024537695192662065
72332,0.0001964469661420882
72336,0.0004247756584272169
72340,0.00011585648593768807
72341,0.009954860532215365
72342,0.028310193064342813
72344,0.003399454606446154
72347,0.28804118777222654
72349,0.0002915002611884516
72352,0.00010100539680103932
72353,0.0006810508206679095
72354,0.00018642345723828046
72359,0.00034649597421075736
72360,0.0006683521776638794
72365,0.06939519434844593
72366,4.4343141165688004e-05
72367,0.0001184508177341137
72368,0.00015173175467528806
72371,7.390465668877123e-05
72372,0.9986224993255262
72376,2.8548122090640188e-05
72377,0.0011582692126682027
72378,5.320459042742261e-05
72379,0.0003678257168875257
72380,0.00022327627105952114
72381,0.0002329542024051416
72384,0.0007565031560370564
72386,0.0008587296734078235
72390,0.0002632674870112918
72392,2.1705232803390555e-05
72393,0.0006113862847580073
72395,0.01747373622612568
72396,0.000215871251469338
72400,0.0013452536678322058
72401,0.00030884234171048606
72403,0.0008403121183613233
72404,0.0037694542540829806
72406,0.08244384126899452
72408,0.000324182138349422
72410,0.00305947755398983
72414,0.00041864848071287216
72415,0.00015362485020967818
72418,0.0002589801559054894
72422,0.0013616403571548416
72428,0.007654230575220043
72429,0.012901411973923138
72430,0.00026485146762958683
72431,2.458284485029068e-05
72432,5.155030438797649e-05
72435,0.0008539308507265172
72436,0.0014269216698402421
72439,0.00016599599196829367
72442,0.004968953132713604
72443,0.0031183163301809697
72447,7.080833854606606e-05
72448,0.00013047829487762707
72450,0.01970416691491539
72456,0.001500962904746403
72457,0.022616998162021125
72458,4.776564644975592e-05
72461,0.01181193968267955
72463,0.00101471475877602
72464,0.0008058251062419
72465,0.0001617309604222132
72467,0.00110496259476279
72468,0.0032857646489565175
72474,0.019561709964707494
72476,0.1407480646291247
72477,0.006858972736579463
72479,0.08805568703689248
72480,0.0027614095714567433
72481,4.2075400504804186e-05
72482,0.00015436213464070563
72483,0.00022958054945181378
72485,0.0008613943195734665
72487,0.0016653655822676883
72490,0.0002218763871023207
72492,0.634186302502012
72495,0.0008034843824496194
72498,0.00044965732996006264
72499,0.5545642384246209
72507,6.257048118586983e-05
72510,0.06554324508837601
72511,0.030608232034205946
72512,0.00013562394572186014
72513,0.0001405404138017774
72516,0.006232985469094606
72518,0.0002534618493321674
72521,0.0008823591549772465
72523,5.430840152462182e-05
72525,0.0006654192350004491
72527,0.009422251581691875
72528,9.9864133323658e-05
72530,0.005512113668184592
72532,5.054881838844268e-05
72535,3.451850110044879e-05
72537,0.00015154516345483417
72540,0.0001617277738273338
72543,0.001046446876391912
72545,0.0001901893321746474
72547,0.00020150050525717303
72550,0.0032824099766923403
72553,0.0014240668773670773
72556,5.765462851154495e-05
72557,0.0094452324718864
72559,7.299273153389927e-05
72560,0.005794873477061523
72562,6.619922575542337e-05
72564,0.14761211511225625
72565,2.5260154010523893e-05
72566,0.00033817363307052904
72567,0.00040890476129416174
72569,0.004271793800901198
72572,0.000146944488512026
72573,0.00038692959872680516
72574,7.930166582151242e-05
72576,0.001893850490423756
72579,0.00022442700613912927
72581,0.0004936143166061598
72584,0.00018297664519102098
72587,8.930415810169546e-05
72590,0.1562878087945553
72593,0.0004078774743193798
72594,0.0003038155171494057
72597,0.00023809241298329776
72599,0.0014243357965425185
72603,0.00018744908306505512
72607,8.012971461473287e-05
72611,0.003922169622007669
72613,0.0492233139888428
72622,0.0002579306970094561
72623,0.00033021355123590175
72624,7.743211435272531e-05
72626,0.0012844674566438626
72627,0.0002776860951210214
72628,0.01195574768356928
72629,0.019904080938097018
72630,7.925187906613643e-05
72631,4.5814402028294605e-05
72632,0.009166945336549685
72633,0.014949076898239684
72637,0.0005489139385851231
72641,0.00032204534317322863
72642,0.0008717282930507832
72643,0.0062779592806149805
72646,0.0004539389922788389
72648,0.0017292571369916894
72649,0.022253052094113608
72654,9.771394807664733e-05
72655,0.0009064559849134126
72657,0.9964788175683728
72659,0.00015157056990588395
72660,0.025211583278047664
72661,0.000387093749057997
72662,0.00024227923491891665
72663,0.02228815856373541
72664,0.00010107645149080087
72668,0.0011426049212518987
72669,0.0001397039578957441
72670,0.0001389684800630932
72671,7.053578650936766e-05
72672,0.00017501776871477843
72674,0.0010100979879983645
72683,0.0558460897032716
72684,0.00012673059959121072
72687,0.7933973373454684
72690,0.00012511627929590242
72693,9.940743020337994e-05
72695,0.0006208633958582388
72696,0.0010121099076773157
72698,0.001259300277767458
72707,0.014211687899469647
72708,0.0003284056154269525
72712,0.0002350005114125201
72715,0.0001437079311127854
72716,0.10051929300498244
72717,0.00021583886444015709
72719,0.00024389543846796956
72720,0.003678328250963934
72721,0.0008248132642897585
72722,0.00015376848545011848
72723,0.00214408406909218
72724,0.0024313067614121033
72729,0.0038388306615231814
72738,0.00032588151416362886
72739,0.00015647564623691803
72741,0.003216468577094748
72742,0.0012864306067390699
72743,0.0021950113922688396
72744,0.004905178233982387
72745,0.0018244666028860276
72749,0.0011406451278535856
72752,0.0008365395964851711
72756,0.0077509777008548785
72758,0.07868689637253792
72761,0.0010792243445388765
72762,6.290226818529937e-05
72764,0.00013426539123089501
72770,7.028394583393821e-05
72776,0.05181472909946439
72777,0.003674306915742591
72780,6.097091030961089e-05
72782,0.08662969470281989
72784,0.0005039523915958842
72786,0.0001538266846248505
72789,0.16054547103764125
72791,0.000202996957328126
72793,0.00036236035802652633
72797,9.888894509845417e-05
72800,4.697643215375926e-05
72801,8.181521930921559e-05
72802,0.041651071387281406
72806,7.073627703987239e-05
72807,0.00043507560768123296
72811,0.002026633377283918
72812,0.00076575967760056
72813,0.00016306524780931555
72818,9.778583849717447e-06
72820,9.380027832667638e-05
72821,0.07423948623229407
72822,0.00037938042624928187
72825,0.0005491675468058718
72828,8.399965587849615e-05
72829,0.0003688846082838924
72837,0.0013637808720100815
72839,0.009698260880755025
72840,0.001890507752165528
72844,0.09338684889889921
72846,0.00012431960107870077
72848,0.0020352667112576053
72849,0.0005660702482779471
72850,0.00893568619585558
72852,3.336996407219433e-05
72853,0.0002476112657168391
72856,0.9521276482470215
72857,0.00025235508886032546
72858,0.014459424757492408
72859,0.188579094316547
72861,0.0004452534842734696
72863,0.9316290441368775
72864,9.85647594727632e-05
72865,0.0001454127365685723
72870,0.9997255653355093
72871,0.00020844036376886925
72872,8.758004374086466e-05
72874,0.0002015488615549057
72876,8.755610030419222e-06
72877,9.455794730050048e-05
72878,3.936692061056686e-05
72880,0.00029108771489419174
72883,0.0004425504524908149
72884,0.0016836398284578828
72887,0.00010280563526039607
72889,0.0026735176733962496
72890,8.411812848233921e-05
72893,0.00024272013090601358
72899,0.13315686067609628
72900,0.0014049055356848512
72902,8.697866774247701e-05
72903,1.3641633689390238e-05
72904,0.002015904556523108
72905,9.239745194147151e-05
72913,0.00025862106774178283
72914,3.538703016308637e-05
72917,0.0003392091583778188
72922,0.002891592591105269
72925,0.15395632620123834
72927,0.008936851176896356
72928,2.092272741898595e-05
72929,0.002653497008468433
72932,7.398866050060568e-05
72934,0.0002441531767864187
72935,0.056863866540665595
72938,0.0007895650990183636
72939,0.00047037800978304745
72942,0.00021801479007656362
72943,0.0007242797353196717
72944,0.7429590819442988
72947,0.00010981047322597323
72948,0.00023668052953158147
72950,0.00013555795166756074
72951,7.22073802157745e-05
72952,0.00012104140972439374
72953,0.0009335007832818738
72954,0.000442144598866411
72956,0.00012222220693902707
72957,2.121188924636526e-05
72958,0.00015164442287729464
72961,5.540935879523469e-05
72963,0.0005196207279581368
72964,0.00068099832594835
72967,7.0420555965561e-05
72972,0.00026492340129720084
72973,0.00025330631629541777
72974,0.12180312030856591
72976,0.00035815969717134353
72978,0.00016528299028391725
72980,0.00017096674974538667
72981,0.0003703426389949041
72983,0.00036797478568444385
72985,0.00047595800674526305
72986,0.0018812163105532808
72988,0.0005314965665220519
72989,0.000128742809206363
72990,8.341063301793995e-05
72994,0.0010180578991172099
72995,0.010331234693374115
72996,0.003799598170947891
72997,0.000693012229450808
72999,0.004907277925680126
73000,0.0005510342123819988
73007,0.0005309078288152356
73010,0.0010383881274212893
73011,5.9637952294754593e-05
73013,8.092585787216697e-05
73019,0.012902034453789773
73020,0.00044234671161633415
73021,0.00015257282716651789
73023,0.012882812839408848
73030,0.000341840738035699
73031,0.0013463039201960835
73033,0.00010576208858545075
73035,0.000703805440110375
73036,3.654315354361804e-05
73037,0.30551191937006167
73038,0.00017605938062264387
73039,0.0002602924756654806
73040,0.004080510565425265
73043,0.0001311378774122379
73044,0.0003724401383896194
73046,0.00012062091775033643
73047,0.0018889786950791146
73048,8.32424890219493e-05
73050,9.006757599079417e-05
73053,4.006054323058625e-05
73055,0.00017421314089634976
73056,0.01705411075993679
73058,0.00017421186350779745
73060,0.00020278607327422858
73062,0.03856015892770847
73063,8.344796118063585e-05
73064,5.4694383668546005e-05
73065,0.00028809701712932093
73067,0.0003161213421330799
73068,0.00017689035856222906
73071,7.125668482832283e-05
73076,0.04963300398294633
73078,0.013586346714318598
73079,0.007241304814125349
73080,9.136085996330137e-05
73082,0.02482182940040009
73084,8.291334548275811e-05
73089,0.0018068111654597344
73091,0.007380700327331782
73092,0.009493859187408818
73095,0.0052978980068616385
73097,0.0007219181415885804
73098,0.0005748234442281392
73104,7.883316013899651e-05
73109,0.0002794351896856716
73112,0.00021964543909174054
73115,0.0029849904692196907
73118,0.008482624805023908
73119,0.0023588981380219436
73120,0.06617632325516565
73122,0.0010256195214780365
73125,0.00011651119658394403
73126,0.0008369435795991734
73127,0.0009394072376450447
73129,0.0024263185214974652
73131,0.00014706608342031073
73132,0.0009001220121321099
73136,9.467725069216076e-05
73141,5.211849842043929e-05
73142,0.0003410871884498521
73144,0.0009412049101084268
73145,0.0001395564347449291
73146,0.0380288555104693
73148,0.00011175021539047312
73149,7.86826716595076e-05
73151,0.000694732750118823
73152,0.014210318049024328
73153,0.00012297235860651666
73154,0.0002338038052992
73161,0.00025456066223300934
73162,0.00014155848456802282
73164,0.0002062470859270147
73166,0.0002779383447630234
73167,0.00011261702214027157
73168,0.0004146158279540651
73169,0.0006953719421179763
73170,0.004206154920440499
73171,0.005106440729836347
73173,0.00982158519321488
73175,0.017289990347491714
73176,0.0012539202574047778
73177,0.000437381946579855
73180,7.52370301521643e-05
73184,0.000128291410785227
73186,0.00045121062858060034
73187,0.0016576270817351877
73189,0.0018835533873086127
73193,4.400592912492798e-05
73194,0.0006089599268505855
73195,0.0001936345365829474
73196,3.182733403385588e-05
73197,0.005175693277283217
73199,0.0002547205221651932
73201,0.0011273640990514169
73203,1.8355785099116638e-05
73207,0.00043958782153379706
73208,0.00014569760101719334
73211,0.0006148464341852715
73213,0.07557559926578532
73218,8.31537847742323e-05
73220,0.00017258925863050868
73225,0.0007356085070283738
73226,4.741893446302344e-05
73228,0.0064328077570873984
73229,0.00010937230456821843
73232,0.0005963403425942797
73235,0.8581739666916766
73242,0.0010311306286780672
73243,0.000567456298897086
73246,0.034405843523428174
73248,0.0005454814793468866
73252,0.0008493821600497483
73253,0.0012725774299931292
73254,0.0002951003315069752
73255,3.555339218445543e-05
73257,2.4896230036864266e-05
73258,3.32604236924596e-05
73273,0.013880232570570684
73275,0.9914760853351783
73277,0.00011610765146567733
73278,0.0006759889697585857
73280,5.746930739714119e-05
73281,0.00011017763165870096
73282,7.945535477805789e-05
73283,7.112251431252703e-05
73284,9.859877187948781e-05
73287,1.2429300303063694e-05
73289,0.3761008997012812
73293,7.948932234826365e-05
73294,0.0006675690883825081
73296,4.4158401347926606e-05
73298,0.010030083196328265
73300,0.001757125785476982
73304,0.0013150706620762994
73306,0.019573204602380868
73311,0.000691279917704535
73312,0.0003559202563917771
73313,0.001805523512015366
73315,0.0019074202820971449
73319,0.007564542911113019
73322,0.001010963751613191
73325,0.0034631344426211616
73327,0.0001111825609513144
73328,0.0002397031930881322
73330,4.512703675411419e-05
73331,1.4944932408722922e-05
73332,0.0001339426689697456
73333,0.00039212122254943374
73334,0.0014620485203840174
73336,0.0005500526565411578
73337,9.553549232669392e-05
73339,3.582376890414188e-05
73343,0.008674517287214354
73345,0.00011588032070025004
73346,0.0006012403628397691
73347,0.0004058685654378717
73353,0.00011541181706414361
73357,0.00036630338112861245
73358,5.347920850865118e-05
73359,0.0008977286543218168
73361,0.00013868059680698428
73362,0.00024103578971301507
73367,5.773048909420815e-05
73371,0.001214977866458761
73372,0.006472215310830061
73373,0.004736216133509451
73377,0.00039821297294092515
73384,0.0003393570761052544
73387,8.870487857973087e-05
73389,0.00012727012315209304
73390,0.0008483056344411081
73392,0.00039902442680784806
73396,0.0012547407426439757
73398,0.007420796415620105
73401,0.00043921157835719846
73403,0.0019369853398348061
73407,0.0019211374637675075
73409,0.0021110084057736483
73410,0.0017718600706505315
73414,0.00018962886337847877
73415,0.010401283384195274
73417,0.0001721790693653855
73422,0.005894349935552297
73423,0.002423009845562798
73425,0.0013462417692211418
73426,0.0048908851669726095
73427,0.00022418145336088242
73428,0.0017097053755465606
73432,0.00015089121366865406
73433,0.0013217361636565764
73436,0.00022658783542706034
73437,0.0004063127750995575
73441,0.16986275961880545
73444,0.5109376961871527
73446,0.01255013689070805
73447,0.0007926683623761672
73448,0.00035052866372896986
73449,0.7490969724429251
73451,0.7800242485213428
73455,0.2728830947307952
73462,0.003756863104540349
73464,0.000318641473462258
73465,0.0005519184492703487
73466,0.00020583893988709658
73467,0.0005279545322637004
73472,5.351638187324954e-05
73473,0.000111638698590595
73476,0.0003169015980111822
73478,0.0047125591623417605
73479,0.000677663572955613
73481,0.00022659762304368938
73485,0.0013887342121534866
73486,4.517215804939292e-05
73495,0.00044946434591426214
73496,0.0018340898129349343
73497,5.2067737688200044e-05
73503,0.01834516058048378
73510,6.131850354549321e-05
73513,0.010334585351763733
73515,0.0017556192630524801
73517,0.002668983586766984
73518,0.8993066485162063
73525,0.0015173481180360546
73526,2.12434041529583e-05
73533,0.001637987778267289
73536,0.9344720009093438
73538,0.00012698738768560466
73539,0.000287067803636985
73541,5.850824804984385e-05
73542,0.00018557494299931924
73543,0.00016227812371990473
73544,1.1950109264494275e-05
73546,0.00017566308000809333
73547,0.00010305432537704264
73549,0.0008492839143464677
73552,0.00020007662260330912
73554,0.0006437290088350514
73560,0.0001108288232107353
73561,0.006277415048501092
73562,0.19965590457175655
73565,0.0009302136200731099
73571,0.005273958821969342
73572,0.0005297579687461401
73575,0.00019870088248609904
73577,5.232178387107614e-05
73578,0.0009398701532034506
73579,3.0200353093700128e-05
73582,0.03697663688716429
73583,0.0005168194690270803
73585,0.0001330770043018823
73586,0.0001554250855911055
73587,0.005742565772966844
73589,0.00031033693166442554
73590,0.005967301714665985
73593,0.0017758230945989478
73595,0.0003180246283753219
73598,7.491371856453531e-05
73601,0.00012966915090711223
73602,4.651387517336223e-05
73603,0.0002455434337501771
73608,0.00016079182275733096
73611,0.009453048949340131
73612,0.00032053788045301
73613,0.0001929782685669024
73615,0.004991391071430588
73617,0.004648371285014724
73618,0.00045823480053883094
73621,0.0010362858847667523
73623,3.170296329254821e-05
73628,0.00022285640872068009
73629,0.000395289619138627
73630,0.02243212624590668
73631,0.0018532261125309047
73634,0.00015370077838315513
73635,0.0008950747551214819
73636,8.48249853802234e-05
73639,0.007479278389791253
73645,9.700629817243811e-05
73647,0.0001496364993555622
73648,0.07958607325139055
73649,4.929662884466995e-05
73650,0.0002178898970974875
73652,4.5620759094886206e-05
73654,0.0010009797586691188
73655,3.2595738773985525e-05
73657,0.001084527260294233
73658,5.417631304433625e-05
73660,0.00022489414957280058
73666,0.00011242286909414644
73667,0.0006548253034863325
73669,0.00025590844505327646
73672,0.000811378208606525
73674,0.7651167575192364
73676,0.00046111987481513414
73677,0.0004327244839105283
73681,0.007066911753132465
73682,0.00016758516155029125
73686,0.9931384541527203
73687,0.015290736981787711
73688,0.00040738217016990326
73689,0.00013623083912365821
73693,0.00011370943846350891
73694,9.552817657438551e-05
73695,0.00025824007119480376
73702,0.0007338425650658176
73703,3.8480565418672926e-05
73705,0.00036156416331000976
73707,0.015318129804606366
73710,0.007516184649831977
73711,0.0014230812920504319
73712,0.0001717169436058202
73715,0.0002545658614793922
73719,0.033453790555761004
73721,0.02076304566258986
73723,0.9965240983516591
73725,6.67483515938256e-05
73728,0.0011796659680830851
73729,5.332437295927397e-05
73732,1.3630474647606751e-05
73733,0.000506616084648714
73734,0.0030778426569233546
73737,0.0080289081097414
73739,0.00042484760348490566
73740,0.009997646019909916
73742,0.0035548414029965177
73747,0.0010825753904829994
73748,0.00018207349819479983
73751,0.0002679300097698354
73752,0.00011285439168199589
73754,0.002809165118032485
73755,0.00016496923128773584
73756,0.0012061787096094498
73757,6.584635804909923e-05
73763,0.4971501658122047
73765,0.9319114499310204
73769,0.000558913484501355
73772,0.00015424512327251496
73773,0.002660232187235413
73777,8.170591748891236e-06
73783,0.0007610546005877795
73791,0.00019350218355635124
73792,0.0013303657299219098
73793,0.005488166337818823
73799,8.973036987291799e-05
73803,4.867870250666265e-05
73807,0.00012405472237889492
73809,0.07976080986584295
73813,2.2496195435534627e-05
73814,0.036356197842689626
73816,0.00010550134790176328
73817,0.00017387150419978498
73819,0.0001433432767585759
73822,0.0002067979465991765
73823,0.02217384957134116
73831,0.0009378907705214611
73834,2.1085980332245858e-05
73836,0.0008300107327125653
73837,3.513515878057675e-05
73840,0.000362727434963809
73844,0.004328585557445914
73848,0.0001590729027634728
73853,8.409111394805206e-05
73859,0.0005085706413717253
73860,7.879935153485957e-05
73862,0.030834387958931196
73863,0.00020693594620406323
73871,0.00028401786363400314
73874,0.0019226924419752385
73876,0.00013715211794869693
73878,0.00040087018142738684
73882,0.0003712935924747359
73883,0.02584543675249743
73887,0.0003207814795878187
74060,0.000647567194506559
74061,4.045933326229305e-05
74062,8.543740924521273e-05
74063,0.00036966102912563904
74067,1.9502557895559e-05
74072,4.360889154121295e-05
74073,0.000820615306888146
74074,0.00023827350081567227
74075,0.0001226359366540368
74076,5.225674840577685e-05
74081,0.0541215580452291
74082,0.00027868144445571575
74084,0.0004810130439585964
74085,0.00011905736219112919
74086,0.00017536042758246122
74087,0.0008659601318940262
74093,0.0003385427362018187
74094,0.0014126590918323034
74095,0.0027835443630896376
74097,0.00023146844543300488
74098,9.256187841109154e-05
74102,0.00017978459443030362
74107,5.1691203128403614e-05
74108,0.000521554577468172
74109,0.00032826519423445215
74110,0.009367472990897184
74113,3.777135551624396e-05
74114,0.000704053838939647
74116,8.622564658544261e-05
74118,0.0021921657991768374
74123,7.540868313977739e-05
74126,0.0002855772626704481
74128,0.00013319870850453527
74129,0.0007025131571821819
74131,0.0010126784777477922
74132,0.0009837522546446654
74133,0.00032220171088228797
74134,0.0008539024758858045
74137,0.0013493474303592605
74142,0.003781875666806541
74143,9.776895926181621e-06
74144,0.00020816341535638652
74145,0.00010872896633736865
74146,9.954887159261904e-05
74149,0.02999082295799337
74164,5.6706520313907386e-05
74168,0.00046055254644138333
74180,0.0006429347795224111
74181,0.0005307834321068884
74182,0.00023463225813060202
74189,0.0001331037747585506
74192,0.00028616301991496733
74194,7.838908250571898e-06
74199,9.292074011884365e-05
74200,8.179109923557198e-05
74201,0.00010668138230874669
74202,0.00020232702838128563
74204,0.0002554217191155432
74213,1.898618948655876e-05
74216,7.031792640331913e-05
74219,0.0002264389620977698
74220,7.552236299168756e-05
74223,0.0001628626330700841
74227,0.00015717482864018728
74228,0.00022013486014188976
74230,6.72192306506424e-05
74231,3.311579264195691e-05
74232,0.0009767252604619076
74254,7.685504612007499e-06
44344,0.02282498837951799
45840,0.00025454753216046087
46357,9.04525862592607e-05
46366,0.0113967814756313
50190,0.0004493215525949221
50194,0.001203705889593623
50217,0.00022506729327736706
50219,0.00019071125613187264
50224,0.005358746397981196
50231,0.004114385284631233
50235,0.00010754333504744741
50250,0.020692153784461962
50253,0.0787991941320757
50286,0.00016350958273807578
50290,0.004137716178806644
50312,9.366642338664795e-05
50314,0.0013812289663609775
50351,0.0024461823485625533
50363,6.027170675367089e-05
50369,0.009638521150238132
50413,0.021266502047985792
50454,0.06055633208153144
50468,0.002801432194371604
50481,0.00018989917200399226
50491,8.273378314473336e-05
50551,0.0009360657950797328
50552,0.0003088651330662547
50569,0.00014959233178521423
50575,0.00015386292348868957
50590,0.013302733851539409
50594,0.02377602661451626
50619,0.0011226940183982946
50631,0.00014638468840832159
50642,8.738247177468915e-05
50666,7.357548792581295e-05
50683,0.0002952290581306995
50689,0.055805121256664904
50697,0.00023686764027521602
50698,0.0008625287265404015
50699,0.00047129408409163495
50709,0.00029941362109067374
50718,0.011887412021951932
50741,0.00022661066907515016
50749,0.04354673725783598
50768,0.009567736784340738
50779,6.482085075256289e-05
50783,6.904576464018187e-05
50797,0.01397010122086875
50803,5.781690891131404e-06
50851,0.0011861998251394353
50870,0.001011788834737916
50878,0.006788399891664451
50880,9.629240835888423e-05
50911,0.0005085688373873306
50927,0.0009247734977966178
50939,0.000254508497433966
50942,0.07969778572061686
50957,0.0005527132746255716
50994,0.0008041498408863336
51000,0.0020323545217260375
51013,4.142136831504897e-05
51021,0.005126702070542552
51047,0.10210789279563695
51048,6.097700458509935e-05
51094,0.00031993681612714183
51100,0.001005064570183347
51111,0.0006655939189122102
51114,0.15911381846916323
51125,0.00015644226038593148
51170,0.006122553275258078
51181,0.06430561853125107
51238,2.728374759857196e-05
51244,8.085207132243996e-05
51265,0.0001012287813547711
51304,2.7625743248872815e-05
51323,0.00026633629342907953
51327,0.0004166066140120563
51329,0.0003768828755601855
51415,0.035825456014029575
51545,0.00024653620415129217
51547,0.00011069160483358308
51573,0.0007438413031245251
51593,0.04068278188438704
51618,0.019061274456926475
51627,0.00022226767551624134
51686,0.0031962882888740335
51703,0.04413423601126344
51784,0.0016770838147097346
51800,0.0002193048207651828
51844,0.009542008812192932
51861,0.0007840845028832341
51881,0.0002759367385550811
51885,0.00030768598041961114
52022,0.00044175528848773983
52092,5.031394181767663e-05
52175,0.0004971840006926703
52220,0.048181193150638395
52230,9.412115162006659e-05
52257,0.022463705786561268
52280,0.00012142188506804059
52346,0.0003278508798177283
65428,0.0005312631107042311
65429,0.000316736617027975
65433,0.022832013528093966
65436,0.016267702907583677
65437,0.00450615929709329
65440,8.557674580219059e-05
65442,0.15479853803177346
65450,0.09131717773280362
65456,0.01037078182428047
65459,0.06211962878805283
65464,0.0002710183633049815
65465,0.019060556377225174
65466,0.0002663173775862383
65468,0.00039473005531328215
65472,0.00018142757339540305
65475,0.004191532494696127
65479,0.33879809296403773
65480,0.004412868691418644
65481,0.018016084643578366
65483,0.0036539472976913965
65488,7.507165655929945e-05
65492,0.3361382494493079
65493,0.1281249268069908
65494,0.030821751245166198
65500,0.014387831618363866
65502,0.00018454004040268924
65504,0.0005019750945395637
65506,0.005571227266868039
65507,0.0012150681992575984
65509,0.0004203118702654062
65513,0.0014248209535988757
65514,0.00017910177377291448
65518,0.0018841737290338583
65528,0.0007668176117066832
65529,0.034649726826097765
65530,0.7648400974490759
65534,0.000359548003581027
65536,0.0004430808516598895
65537,0.0001100999167135235
65542,0.0003536120671964458
65546,0.00025169603771658066
65551,0.0004417032732303256
65556,0.0009210282752248539
65564,0.0017578625695879237
65570,0.0015984225787864506
65577,4.570937975259191e-05
65586,0.00011745441836900184
65589,0.658028924713809
65590,0.0007982083214718579
65591,2.005713101572018e-05
65593,0.025074357811744604
65594,0.0014110706105342195
65596,0.2845182101216265
65600,0.04085751429741348
65605,0.016687558016309976
65606,0.00012056023496629615
65608,0.00048093869236468407
65609,7.549431738034521e-05
65612,0.00045786729382985946
65613,2.5275006260729573e-05
65622,0.011678452128515007
65623,0.00041301068908983587
65625,0.0006770981887250151
65626,0.0341506938448886
65628,0.0047680917445056216
65629,0.001003720280988156
65633,0.0034384508783828504
65635,0.0085311290905292
65636,0.0030082789124574257
65638,6.567431293603144e-05
65645,0.00021197682058592132
65649,0.00034610013825950775
65654,0.011759530175690865
65655,0.027841598076252593
65657,0.0018277706158003229
65659,0.0015699555202935253
65665,0.003573862396645521
65668,0.26879947448016916
65669,0.01625520404665294
65670,0.00011276194947098235
65674,0.5077746244843986
65677,0.0008816600458339365
65685,0.00024516670314913874
65693,0.0010468084715681283
65699,7.1831697804788e-05
65704,0.0007131316109921088
65705,0.36817758249206745
65714,0.7578505820206333
65716,0.003006916326599366
65718,0.0024899024239138368
65719,0.000723877790326172
65723,0.000264638370766049
65726,0.004977101907401033
65730,5.662853101175272e-05
65731,0.08256154757057353
65733,0.00043765971957210467
65736,0.0002661481115233239
65738,0.00026003547722701364
65739,0.005292432674411289
65740,3.195988533430738e-05
65743,0.0031584239809390336
65744,0.0011117956285925025
65750,0.001437520050466932
65751,0.13094528776177117
65753,0.004854835320771967
65754,0.0060358215145023516
65755,5.676233693780223e-05
65759,0.6380172696773126
65760,0.00034886075135196284
65761,0.0038472621511216713
65763,0.00015957888027582699
65769,0.002764189938479739
65771,0.0010815340504791106
65774,0.08458555344847436
65776,0.010681794729078906
65777,0.00025369674138847907
65779,6.546478163466572e-05
65782,0.0004299886774187343
65785,0.0015966553284666846
65786,0.0003928777476308579
65798,0.001117635966450862
65802,7.215860577220004e-06
65806,0.0006447360223447759
65811,0.003010313493235493
65813,0.0002793623386995848
65814,0.0014087629414336951
65815,0.009498140465306656
65825,0.003063571802072393
65826,0.003306557029960127
65829,0.0001855988222298109
65836,0.0005780023982863513
65838,0.00012583100424039397
65843,0.06892199432411053
65848,0.011589890996300855
65856,0.01911064610492497
65860,0.00012032262994627978
65861,0.007224473595900948
65863,0.00035129395512994586
65864,0.00039740519335545207
65865,9.697791454285473e-05
65866,0.06202730782641331
65867,0.010046256481145752
65870,0.00014470480406928165
65872,0.00018235696682414868
65874,0.004733903593830797
65879,0.9229639333246535
65890,0.004810805496084267
65893,0.011314206639836899
65895,0.00033064604174401897
65899,0.00021484091248296378
65902,0.0354985334110666
65903,0.000163530542266383
65905,3.094124016592652e-05
65907,0.2935402691760297
65908,0.0007029728068747803
65924,0.004654698015384244
65929,0.0026229738235810187
65930,0.0009060140826389761
65932,0.2145094253924782
65933,0.05940699136596081
65937,0.0022414511670578873
65940,3.721643191982299e-05
65949,0.0051645646373815616
65955,0.00016141065487011713
65957,0.00023667245962482187
65959,4.2044020626619654e-05
65961,0.0003157376746740691
65964,0.0030711262102978195
65969,0.021926226569854598
65972,0.00016726487820019394
65975,0.00030976376761474185
65976,0.00039249445542055263
65983,0.0004995747084163933
65991,0.0034362218062317378
65997,0.0049083138996472864
65998,4.9203189599542964e-05
65999,0.0026485919228648085
66000,0.0001686487491227323
66011,0.03469631360498185
66013,0.0017813030630971047
66014,0.00031620943002867204
66015,0.0014323386145491095
66017,0.006065479781466617
66023,0.0002941355993139476
66026,0.0003878661776171561
66033,0.0004852510711653863
66034,0.001387799599307332
66039,0.020845488555355056
66043,0.020996979212996474
66050,0.00132893544289545
66051,0.6434992666850363
66052,0.0064029084619720775
66054,0.0002497780699279267
66058,0.00024058013662341934
66059,0.0007537091382701795
66064,0.00014393575643961828
66065,0.0006445494959372768
66070,0.0006200193279998739
66072,0.8509457181085671
66079,9.440735649905496e-05
66081,0.00045579408368513546
66083,0.00034944129910665907
66089,0.00043345161466575076
66095,0.0041138531228753095
66096,0.000869017156491824
66097,0.12596190057120674
66099,0.01221307169259601
66103,0.00013826486571503032
66107,0.13633069275569998
66111,0.021940326008311105
66112,0.11624849368696394
66114,0.032703172880282065
66116,0.001565448726144408
66118,8.511529790820818e-05
66120,0.00013591809169922613
66123,0.0018063026328971105
66127,0.0003155776759172365
66133,0.00013806899659356465
66134,0.00011779691513903566
66136,0.00025216695717207474
66138,0.015160715633814537
66144,0.00019885494733023007
66145,0.0004329272906620811
66149,0.0006085249540520768
66150,0.00029837647557151223
66153,0.0007758592834718125
66159,0.0006578823747211217
66161,0.00011073275951031236
66166,0.0003014032430360391
66168,0.002440670600825216
66169,0.000447279734106231
66171,0.0005444517407177776
66178,0.0005952058006267291
66182,0.001241004606536589
66183,0.0018058470801865453
66186,0.0038755145177298833
66191,0.0006918848442626835
66192,0.004531674714916575
66193,0.0023952055907184642
66194,0.011295065019050572
66202,0.005314954995118493
66208,0.02067831633705139
66210,0.005070898483247917
66211,0.00025019613254864426
66212,0.05823644066874313
66213,0.00012280742735507248
66215,0.015719971956182913
66221,0.0012072684867554598
66225,0.0001914861583051325
66226,0.0010662435857738675
66233,0.0006288683346556261
66234,0.016967498978935618
66237,0.00011483811394751082
66245,0.06143411768466864
66246,9.651014231004245e-05
66247,0.0006232925533010385
66249,0.007841812940832686
66255,0.007173142797024221
66263,0.00036684191196262
66264,0.0002582963504161211
66267,0.001329193735180749
66268,0.0002008044955492016
66276,0.00024369067103719127
66277,0.0002292772953970293
66280,0.00016578731173740556
66281,0.014435760791057278
66283,0.0031230258622789594
66287,0.0001290840375422159
66293,0.0008501005310759678
66294,7.58667305508389e-05
66295,0.07979291738565251
66298,0.00021475421700128513
66300,0.003401611578967269
66303,0.0017565421213042842
66304,0.0006438344812416296
66305,0.0006890451211196435
66309,0.01697866170051694
66311,0.037180567087592965
66312,0.0008242595100609384
66313,0.0007745118485360073
66316,0.000587635077306792
66317,0.005594392399273149
66318,0.00013078921864749805
66331,0.00016077188502951035
66332,0.0002650042541159902
66333,0.0010365545827847478
66334,4.0201093551825436e-05
66340,0.00033974643801193335
66344,0.0015100089943922883
66345,0.13515320317106677
66346,7.691870546764861e-05
66347,0.00756589351544611
66349,0.003074286158184999
66351,0.00019465695056868423
66352,0.0005834593697916642
66354,0.00028896934361752607
66356,0.07955765348303082
66360,0.00011447838860310314
66361,0.0003518417567363971
66363,8.842855468513135e-05
66364,0.0064103929847351415
66367,0.01495850164794178
66370,0.0005611208518575243
66375,0.17705879776621625
66379,0.0004683758948032388
66384,0.00012936064421252948
66387,0.0001360831976217202
66388,0.000505270303137858
66392,9.504626904816635e-05
66395,0.0005028645406839505
66398,0.020843789527345738
66402,0.001397149625578011
66403,0.00025227170768724164
66414,0.0024675663250506253
66418,0.0011123770022782719
66421,0.0009883309439985121
66426,1.7749136459726008e-05
66427,9.939134886779684e-05
66429,0.017584760639111296
66432,0.0005524530893499337
66438,0.010871814555410569
66443,0.0007173318843244828
66444,0.0001486995234991683
66445,0.0009602718449774588
66450,0.0017844734685030662
66457,4.41048430193889e-05
66467,0.00014183271714266342
66468,7.700519653615927e-05
66471,0.00020952261515783127
66473,0.009087116988586516
66476,0.0002275619372537747
66477,0.00022038182207573056
66479,0.0002370493982187299
66480,0.010578520235521856
66481,0.0002909898315756937
66486,0.019570996442917602
66488,0.002147220560185509
66491,0.0006253992541922119
66500,0.002302140161944857
66504,0.001194141404542998
66507,8.443922812428618e-05
66508,0.00018341371805733852
66513,0.002623049759263598
66515,0.0007567429839137696
66517,0.0021902124043110443
66527,0.008667895897473715
66528,0.015646232069484796
66530,0.0006189531827090072
66535,0.004520377764007179
66539,0.00013322579085080411
66540,0.042633608124601735
66541,0.000555984033562538
66545,0.002145952067490929
66556,0.031804060606300866
66560,0.0005140475927650171
66569,0.0001303278078459557
66575,0.009309963821862588
66578,0.0021640155763376647
66582,2.8264576404423495e-05
66587,0.04579268576873946
66588,0.0026692096026519215
66589,0.0009215448948312325
66590,0.00018854987545041557
66592,0.022314973973466094
66593,0.0008428351384401668
66594,0.04598731938975743
66599,0.0003593025696331865
66602,0.00021754568104837533
66605,0.00011226876418954879
66606,0.0002512039383816105
66610,0.002106926809437241
66611,0.0012079630495754935
66614,0.0029077612631913004
66618,0.015397646780289672
66624,0.00016981172263688194
66626,0.05185395366946628
66627,0.00043276059634184084
66628,0.00036573828399676496
66631,5.955995753734771e-05
66636,0.0005741251313174899
66638,0.00016541657357977655
66639,7.987676934574722e-05
66643,0.013752720943235867
66645,0.026064978461158322
66648,0.004270134933691456
66655,0.00020833314914167584
66656,0.0005150196241753673
66663,0.004209409985107504
66670,0.022331097401852656
66671,0.00031481548989594366
66672,0.00019055523025238407
66675,0.004224362946084279
66682,0.00026020754309108896
66703,4.016121500039564e-05
66708,0.02194689663824831
66711,8.623591159222777e-05
67483,6.291143935726283e-05
67487,8.881042844737905e-05
67512,5.032401214991865e-05
67520,0.0018954345752432765
67557,0.002131192036380844
67563,0.0001615353300561498
67573,0.0002507455982613316
67602,0.037291887223964086
67641,0.003925813208662882
67668,0.00021354320111373231
67684,0.0002041304534812525
67692,0.01019929410038146
67707,0.00028988594738687135
67735,0.007312387208938256
67748,0.00016923870846387713
67753,0.03827598905362985
67788,0.001287898025020641
67812,0.0007923767003541134
67815,0.0034197100665980477
67818,0.0003130500690473898
67824,0.00041864726702948546
67830,0.0008193268950240518
67841,0.00028220147966591066
67860,0.00025154812287543616
67875,0.004205532138548364
67888,0.00020391605932545249
67915,0.0002268035085039708
67956,6.982676109736953e-05
67961,0.0006859036221861798
67965,0.00018288575570643624
67968,0.00023145366786412415
67986,0.00027840889654389805
68019,0.00014314052597611183
68036,0.00018634152671905308
68068,0.0034890426836613943
68075,0.0032955196676817634
68091,0.0015509792041256396
68099,0.0008374860589513787
68110,0.0006586607374939427
68154,0.00016078812082836986
68161,5.395896257670341e-05
68173,0.00011087531482897733
68201,9.266927391809856e-05
68217,0.0022863245824394627
68233,0.00034757853891055
68296,0.004490583265884865
68312,0.00031050003647036125
68351,0.0008452542001591189
68352,0.016586742569489915
68363,0.00033044114244564784
68373,0.004480610679089935
70253,0.0008907501224782228
70271,0.01925354351244976
70274,0.002115631567508511
70281,0.00021615038974820612
70288,7.860136735031381e-05
70302,7.262033087206349e-05
70322,0.04639746389154462
70324,5.31030152450568e-05
70335,0.6689687295321025
70348,0.004583128052032102
70361,2.78141872840027e-05
70362,0.0030571917139562256
70365,3.991778249336395e-05
70370,0.06087601837771987
70393,0.00021371832991546417
70400,0.009956077232166242
70405,0.0003684739035175966
70406,0.0019183719749353415
70418,0.00036460514256711913
70424,0.0015905934923824384
70433,0.002282484626052048
70436,0.0003956131813791764
70447,9.881775109038265e-05
70451,7.498963184846196e-05
70452,0.004177099098032914
70461,0.9946077164414702
70477,0.0001845030027188169
70485,0.0001017235600081729
70492,0.00015093446208618955
70495,0.0006986073752809178
70497,0.0009550974893730788
70498,0.06136712994157804
70505,0.0006870903972287656
70507,0.0005083358543580713
70518,0.000483154860383167
70523,4.602330426654743e-05
70530,0.0003605311117535787
70535,0.0004964247550428959
70539,0.0019258713575843176
70547,0.00034536311076687013
70564,0.023816024965815023
70565,0.8715632934591792
70567,0.030463203594806337
70581,0.0009711520360460592
70583,0.00047085728471888327
70598,1.9090097501659566e-05
70601,0.0003662507471414182
70604,0.00018919701971729035
70607,0.0005442501256151657
70613,0.29914021533414686
70614,3.758792168914338e-05
70616,9.831122048128364e-05
70629,0.00044577102856628115
70636,0.00011768251194248637
70642,0.00430495464564674
70645,0.003846971103273065
70650,0.14640756404051153
70656,0.0009669286475582946
70657,0.00018191904875303446
70658,0.0002736886778412591
70659,0.0001604195386548082
70678,0.005517908206695383
70688,0.004926829617020427
70695,0.012709697138122285
70717,0.8480465726549323
70722,0.0005192836551879576
70724,0.00011504099074348233
70730,0.0001771013389019404
70733,0.09855710966863873
70738,0.00010130504265796141
70739,0.00038795282521982715
70745,0.6376352234403692
70752,0.0003210734865042147
70765,9.661489326399236e-05
70768,0.00026004685031537724
70776,0.00040181494901031305
70777,0.00035817137680930165
70790,0.00011174693559959763
70797,0.00034745288996485083
70800,0.00029901113229775046
70815,3.695407444323763e-05
70820,8.361231573631459e-05
70825,0.18970741428480115
70828,0.0005439808571707333
70840,0.0005988616692075865
70844,0.002412586317761526
70849,0.0003090747978806734
70860,2.616664964745761e-05
70867,0.012688740485141625
70869,3.7720185158089976e-05
70870,8.038365409963437e-05
70873,0.00019034992879301963
70876,1.5832707993307522e-05
70880,0.9976760127615322
70881,6.07825267240811e-05
70885,0.03085925350515142
70894,0.005421530106588795
70917,0.0002236624668740621
70925,0.00046296087745590004
70930,0.010707061287735298
70940,2.596897508542001e-05
70957,0.015447561923430787
70985,0.00015132546519428406
70991,0.00039483017868302745
71009,0.00019793997954896186
71028,0.0001921174027907157
71029,0.00019652913743711434
71033,0.022751891991384422
71045,0.0003972099890360104
71048,0.004328455985470628
71049,0.0003032123472995954
71057,6.460218348385391e-05
71059,0.01605567709111356
71063,0.00035033679387069046
71074,0.00018688791552716363
71077,0.0001220221225028271
71081,0.0005417551806792804
71083,0.0002986453109664865
71095,0.0009676278746840119
71096,0.0023977791682123677
71098,0.0004312445630346659
71099,0.0285883726165379
71101,0.0009213782021408335
71102,0.006142216648108191
71103,0.09293891046865076
71105,0.0009043690778511113
71106,0.09579093831650251
71124,0.04015265655206159
71126,0.0003417774922478704
71139,0.0003105328492530927
71148,0.00024279020578322626
71154,0.00024146505113672477
71158,1.673278458496595e-05
71159,0.04835167210321311
71177,9.051314562675078e-05
71188,2.1190409256910874e-05
71195,0.009765573965292828
71197,2.5348763713444324e-05
71201,0.00018780180577644283
71211,0.00010418032916728281
71215,0.0010400853149701464
71216,0.001637632489693046
71234,0.5131680517533088
71239,7.164004401287232e-05
71241,0.0007891063743872121
71263,4.0159990071636633e-05
71270,0.0003605719307397801
71271,0.0058245989962123
71273,0.0018705955628637951
71274,0.00034514224407381194
71279,0.024626462199723982
71292,0.00018195702865532473
71301,3.26355560045042e-05
71306,0.02746089221417708
71309,0.0011312120204776187
71329,0.0005504931316491112
71332,0.0016462721481031975
71334,0.05859741359108903
71335,0.026558953170750296
71338,0.00023659576519588296
71341,0.00014324427990249704
71345,0.0003323752007434702
71346,0.0007427786266299679
71355,4.832899967665232e-05
71361,0.006965282653141676
71362,0.00013846032938724423
71385,0.00020632634221084156
71386,0.00010362842680019458
71397,4.879170834486917e-05
71440,0.0008361675183908781
71451,5.506640030823123e-05
71459,0.0008435703866613623
71474,5.85061843830553e-05
71482,0.00013604204130402122
71522,0.0005460124590129411
71523,0.0001887892003911168
71534,0.0004263331019451061
71544,0.00015838011166336395
71554,0.0010675942604675406
71562,9.11009215159025e-05
71563,0.00014652273677457625
71570,0.04400013985461939
71571,0.02065274494366046
71572,0.01070698979730023
71580,2.05159907588563e-05
71584,0.00013121548409882899
71600,0.04135237767260476
71601,0.0004691187237088802
71602,0.0003941175182882278
71605,3.1407742490940814e-05
71607,0.0006544379309470038
71611,0.00040842038420411866
71624,0.001658024361396576
71631,0.0011506832983355026
71632,0.9700939971904574
71634,5.980205757866064e-05
71648,0.00044290526450279646
71650,0.006549190239774487
71653,0.00010995802261821484
71666,0.0003499177344429601
71693,0.00015990039364426924
71695,5.635700809542902e-05
71698,5.3097317643525696e-05
71701,9.452510256723005e-06
71702,4.375674112045222e-05
71710,0.0011939840765661
71713,0.0010727771354912736
71714,0.00022184104111442043
71719,0.00012082123912097274
71727,0.0835264366695695
71728,0.0003171276421908237
71730,0.04760532762579134
71743,0.004703456289944053
71744,0.07815045953108338
71750,0.0005184150134151164
71759,0.0009933114105999065
71761,0.0003916966024527071
71764,0.0002551919652974557
71765,0.0001961085755327889
71770,1.6087069268333294e-05
71773,0.016106267573852265
71774,0.00011549512333265967
71784,0.00024155686532820495
71792,0.00010314629260667778
71795,0.0010013604693369655
71812,0.00038455813726557083
71825,0.00475138904188
71829,0.0004778443682038211
71833,0.00012369646743630978
71841,0.012334357115109081
71851,0.0011080683950604802
71857,6.66879823230851e-05
71858,0.0006503958223094961
71862,0.00020305601074773957
71865,0.0002579215571734721
71875,0.010036675622711037
71888,0.017686862795339257
71889,0.2053329876177324
71894,0.0005643876364613428
71913,0.00015037517588944148
71925,0.5861469806216475
71931,0.0058597307940096
71932,0.002100201761068515
71939,0.002331194816008775
71948,0.00023329052462547095
71950,0.01701834507305494
71957,0.00031138880634465815
71981,0.00010483703634965808
71984,0.00756279145276385
71986,0.0001492078709448308
72007,0.009333387585553524
72011,0.031682633379626894
72029,0.005297239483984309
72038,0.00045361924267594753
72042,0.0029218555555228336
72044,6.791731318553569e-05
72053,4.6897933722228464e-05
72058,0.0002468111238239109
72059,9.193355390854112e-05
72077,0.00027524978801720247
72088,0.0011618865915146727
72094,2.8222446089546048e-05
72109,3.015147974769346e-05
72112,0.00012090206488675264
72114,0.0008269512228599061
72125,5.1914327132076674e-05
72135,5.48043708958344e-05
72137,0.0003431326814365696
72151,5.446361706715598e-05
72152,0.0025987918110830658
72157,0.00027033072811770615
72163,1.3597738589817502e-05
72165,0.00016118862859986562
72209,0.00019821992957689833
72230,0.00012889601971297966
72233,0.0046214890282947185
72239,0.002417469724074958
72255,0.0023233293515517186
72257,0.0011304474722723839
72260,0.001322979784752062
72263,5.462144175623412e-05
72266,0.006984256527615199
72267,0.0008649116175743002
72273,0.0004219416587223013
72274,0.008323498902670227
72280,0.0006105939255111799
72290,0.00018940555046159392
72297,0.0012943553606434273
72300,4.559952181792351e-05
72310,0.0006232373660799309
72311,0.0008232597778157318
72314,3.444856146074586e-05
72321,4.5250896758451685e-05
72326,0.00020726064164432065
72329,0.0006477028888862414
72340,0.00010104303012981565
72341,0.4174520799099545
72365,0.9902625610120659
72374,0.000300283948007591
72396,0.08646391369962127
72401,0.0033776103224098628
72411,0.0005412012529380748
72422,0.01125380851887869
72430,0.0003102919509623594
72432,0.00013002133083258422
72435,0.000751604684995958
72447,4.219501740873625e-05
72448,0.0002195037223337057
72457,0.03922281026966315
72461,0.055980844945536186
72463,6.350433238768397e-05
72465,0.0003505638189770734
72467,0.0002759316932288069
72468,0.0015124108360449623
72471,0.09510583751009638
72477,0.13118635670541468
72479,0.00165468439714102
72485,0.00183773125929664
72495,0.00026684029143429153
72498,0.0006370145780665483
72507,7.119665292604872e-05
72518,7.45916827107839e-05
72527,0.0004368967909196099
72537,3.1685381392552454e-05
72553,0.00022167685150901979
72560,0.0001413163604724587
72562,0.00015703544451529597
72566,0.000250915301624835
72567,0.0006384006177969203
72578,0.006430486504418601
72590,0.9238520891871307
72594,0.0005603329287605363
72599,5.197259910721032e-05
72613,0.0020744109670590817
72623,0.000214071193215945
72628,0.41914151841932035
72633,0.020770945146293258
72636,0.00111613767103344
72642,0.3109591265068397
72643,0.003831552167915914
72648,0.00045245636553805626
72649,5.735192993945944e-05
72655,0.00032445924282116284
72658,0.0004565320484537295
72659,0.00017044449793220183
72663,0.13854535129823303
72664,0.0004025472620583114
72668,0.0022573943750481234
72669,0.012376369474593349
72683,0.024656825621416703
72688,0.00047852636055123763
72691,0.0009058407622487616
72707,0.00021851874811639323
72708,0.00044661778848870104
72719,0.00019261375879083575
72721,9.790237058079839e-05
72729,0.00017411592318858064
72739,0.00048220644921766496
72741,0.00030493198934514263
72745,0.0002375195457192504
72750,0.001234841421336822
72752,0.0003975737787984042
72756,0.00035872017733507195
72791,0.0009638037643885336
72793,0.00016477173388579737
72802,0.004395985969209792
72811,0.0010249432943597518
72812,0.000340094516843678
72828,0.007085693879583236
72829,0.0004253064088142506
72837,0.00014824619178364532
72849,0.00016372941058427588
72853,0.00019258211558313866
72854,9.642496198191371e-05
72855,6.338995586414337e-05
72857,0.00040669093758345426
72858,0.0006986312356322653
72861,0.00014626990662852218
72866,1.8880717481415204e-05
72871,0.0020326863014542887
72887,0.00012563208735503453
72890,0.0002433380033348105
72902,0.0002554484826795522
72903,0.0006588410804053782
72904,0.010938068599680054
72913,0.005370977557692098
72927,0.0031824164416106152
72928,6.631080234407302e-05
72929,0.0005860288446926447
72934,0.0007944478261253021
72935,0.013573584976980132
72938,0.12622639733193378
72942,0.00041037240658085025
72943,0.03245834044918902
72950,0.00047584353504112614
72951,3.284778629438788e-05
72954,0.0006670692333219852
72964,0.002096159586324353
72967,0.00035897593998988425
72968,5.2814242263855406e-05
72973,0.00041255407473524
72981,0.004762101803033121
72982,0.00020399862113956323
72984,0.00041480315904350335
72985,0.0004620423906219635
72986,0.008646614958317806
72988,0.017698707310765716
72989,0.00020370359014046252
72990,0.006328701888059832
72995,0.0003268327895310882
72997,0.001868494177410576
72999,0.017398966245468616
73020,0.0004062991315267213
73030,0.0003789860947823402
73033,0.00014262151430484643
73055,0.020298057815766823
73064,0.00011566330037123074
73072,6.406814976285083e-05
73080,0.00039067042131907124
73082,0.32898642507880593
73095,0.08629889610195102
73104,0.00023223334432597565
73112,0.0005018239719799948
73115,0.0013692133287971718
73118,0.00011542764633364285
73119,0.011162945133332571
73127,3.0850950324599786e-05
73129,0.005190639079059519
73132,0.0004073985644498068
73136,0.001302762174412777
73162,0.00023147002194901585
73176,0.0005138935652709789
73187,0.0014745818804514285
73189,0.00024939695392214894
73203,3.876874051995013e-06
73207,6.163933122409787e-05
73211,0.0006258060052745206
73218,0.00010177711955251169
73220,0.0006035333337287489
73225,0.00011320947415607643
73232,0.0002452986564259408
73248,0.00031724211781341513
73250,0.0038490092983245357
73252,0.0005519617083555803
73253,0.0001243592981355289
73257,2.0524307736093117e-05
73273,0.0035841838369140766
73277,0.00010668077909373644
73284,0.00019834192763854374
73294,0.0006013297121577833
73300,0.0001924416075180591
73306,0.004258087526980539
73312,0.00028105998352650623
73313,0.005373239468431559
73318,0.000885036405163622
73319,0.0010087198112591464
73328,0.00018659719530384898
73334,0.002509276552832465
73341,0.0018456614448842483
73348,0.0004860798195975223
73372,0.0014194891190359047
73384,0.000414746491661194
73395,0.0009785812491518947
73396,0.0008087647539548252
73398,0.004903326278066635
73401,0.0006459677556432738
73403,0.0181260667868769
73407,0.0010469204777307345
73408,0.00035212399263914496
73409,0.000243966072073953
73410,0.0002871975156203585
73417,0.00018294681719344114
73425,0.0006611261192516529
73428,0.0036478329048631295
73462,0.0001962708202584332
73472,0.00019464991895291558
73478,0.0012517346054490722
73481,0.0001928911927915259
73485,8.314909971753466e-05
73495,0.06978298341208261
73525,0.000319151185431901
73526,0.00015176311575058546
73546,0.0346195937605065
73549,0.00011106582933531369
73561,0.0001669201966267089
73562,0.203805847684596
73571,0.12424558773592059
73572,0.0003817817429352862
73575,0.0007545510420265154
73579,0.00034719657795403405
73584,0.0014483150285329455
73589,0.0008526691105572835
73590,0.0007156156390594766
73593,0.09435265169172287
73595,0.0007629572819842335
73611,0.0006803976940701695
73617,0.0013985603486952147
73623,0.00010033309998683224
73635,0.0036771185263197565
73654,0.0004057724742837327
73657,0.00023300783139921987
73672,0.0011659562891157878
73678,0.00035882003196322746
73678,0.00035882003196322746
73681,0.010807258124351357
73682,0.008595803866490271
73688,0.0045684823497903725
73689,0.0006650061544713623
73694,7.402549234296601e-05
73702,0.00246433854437253
73703,0.00018176311086367706
73710,0.00023024051581833118
73711,9.01069753235676e-05
73737,0.0029479835237896513
73739,0.00045670529678237283
73742,0.0012746808323320041
73747,0.0001410956603709522
73748,0.0004601764739540344
73754,0.00023535810643089607
73757,0.00027398839127501577
73759,0.000499065289763962
73765,0.9938798423829835
73769,4.097903988055066e-05
73772,0.0008957740289908794
73773,0.0009653977966988371
73785,0.00011761845801456533
73792,0.00954094674613115
73803,0.0004065394060581144
73807,0.0008109550599235549
73813,5.541322543305896e-05
73814,0.07612628136941396
73819,0.00010573564243296962
73831,0.004528009336755395
73840,0.0019568326653707276
73853,9.349511403362353e-05
73871,0.00014231130941146818
73883,0.0002995699170228974
74060,0.001223893721694954
74063,0.00019909570497772658
74073,0.0001371248279916578
74086,3.901902740689202e-05
74126,0.00037231380509552495
74132,0.0019665182292432602
74134,0.0005790043213937217
74137,0.007092522961741469
74138,0.000588177528881412
74149,0.00012297653846221165
74192,0.027602521655719237
74200,0.0002752880843235857
74202,0.00024233360082597246
74204,0.0009488929288259041
74216,2.6067850179485585e-05
74256,0.0008888729054330408
74257,0.0006737457706617908
74261,0.00027415589823142863
74262,0.008210883929586629
74263,0.002874413763509408
74265,5.113625455978045e-05
74274,5.147781198125301e-05
74275,0.004452221917983175
74282,0.013316292921405968
74283,0.00034959192553789037
74284,0.0002266898429940242
74285,0.0007195747398471663
74288,0.0003472730176584222
74305,0.0002321027953849977
74306,0.0006771943148940385
74312,4.855876184894866e-05
74319,0.00029720381843519186
74320,0.7716457049221095
74322,0.001812486466793935
74326,8.984246491578316e-05
74340,0.0006090848426871682
74352,0.0035671643469281254
74360,8.098427308050014e-05
74361,0.00026757576329255545
74368,0.01222302016800965
74376,0.0005969978125698755
74388,0.0002461716720371317
74390,0.0030321579526387
74391,0.0013012343889283048
74394,0.0005694173818622119
74409,0.03704848143726121
74411,0.0016524705376838363
74417,0.00045814863786117443
74425,0.0043461400296789954
74434,0.00013720930844917476
74445,0.0016316225589419367
74455,0.7570149955172395
74473,0.00013066650084088492
74481,4.2435891520516884e-05
74503,0.0012701806770359927
74505,0.0001050261684883495
74506,0.002658594171148533
74508,9.915503231501454e-05
74525,0.00035394066173857525
74531,2.514404515071392e-05
74536,0.000770099678057598
74539,0.00018937800322095375
74550,0.0054968768906099585
74560,0.0007728766714330659
74574,0.0035457502861274063
74579,0.00028947376234416593
74581,0.001334883488913447
74590,0.00035442295035870814
74610,0.00034255237958308684
74625,0.00022913601780927484
74626,0.00013592307012213033
74629,3.2108041829243816e-05
74639,0.00020148306907251135
74641,0.00013737965461273254
74647,0.00015888974540654078
74659,4.351858807891175e-05
74660,0.0001349739088288162
74676,0.014875483222127126
74687,0.00013541910689090518
74688,0.006102108844301839
74709,0.0007611752286529519
74730,0.002380711212336179
74756,0.00040520118761312447
74765,0.0009924184241271372
74766,0.7255086081606981
74778,0.29328925733039984
74783,0.0003194901717760037
74797,0.0008039730120063173
74805,0.00032295578661485186
74808,0.0006830531514283649
74814,0.0007944275079919134
74834,0.00011557076960532254
74837,0.00021317949766589333
74862,0.002460828829114772
74878,0.0004482134134206604
74882,5.60487469713912e-06
74883,3.7721754859056785e-06
74885,0.0012029629976435766
74893,9.760006096665356e-05
74905,0.0001101192784749653
74933,0.00020872503192706146
74938,0.00025009527023696674
74939,0.05526757664060198
74940,0.0013833227376236646
74942,0.000715957239868695
74956,0.001937300868664587
74971,0.0002030910549722541
74973,1.0149170949100838e-05
74974,0.0005192964648806308
74975,0.002719341231603845
74978,0.010354810379503145
74990,0.008543412166114142
74998,0.08437678735516413
75006,0.006403617353110178
75021,9.350195333994777e-05
75026,0.0001545316826896158
75030,0.0020835443369430834
75044,0.00023045282385636396
75046,9.148479462061014e-06
75054,5.214352345425613e-05
75057,0.00037292191994335366
75066,0.014170190959329981
75081,0.00023293514677830704
75092,0.0001707423618645677
75096,8.522310555365731e-05
75101,0.00034994031725538773
75104,0.0005023373459162937
75110,6.977111186047865e-05
75112,1.8726589605275657e-05
75121,0.0006438774040165466
75128,0.003585977053549776
75131,0.0010965632896544639
75132,0.0036328183895819807
75135,0.9919436811823774
75137,0.0005931312223180639
75138,0.00012099624397779504
75139,0.000130009232468333
75140,0.0004123446812797772
75155,5.979996736406264e-05
75160,0.0004977855653241588
75164,0.0002932794451861976
75166,0.0003870719149955779
75172,2.6871199054246496e-05
75187,0.0005396025122744558
75188,0.000822375624691631
75190,0.0034636276934855233
75191,5.562439743644376e-05
75192,0.05021741605933611
75194,0.000540955878417394
75206,0.00036977741989240156
75208,0.0007466151940737913
75210,0.00025040219954180457
75212,0.0001795320651137596
75213,2.9362648511574948e-05
75215,0.005330866635863393
75220,0.005612147399482371
75225,4.4331722409984324e-05
75229,0.022591486735953167
75230,4.973652146412623e-05
75246,0.0057940198964814785
75248,0.0002536082063525237
75255,9.462082979823475e-05
75259,0.00023640300350066777
75271,0.0059535178399688785
75272,0.0012554441468159742
75275,6.528891689750555e-05
75288,3.775030949064835e-05
75291,0.00028199330856620077
75292,0.027842697061948914
75293,0.0005981777536727852
75294,0.0007951204357650303
75305,0.0011236089900517514
75306,0.00019333618126826627
75307,0.0013352339827348474
75312,0.0004223334951127091
75314,0.00039148076594988944
75319,0.00022454396350919952
75324,0.0006680032891602498
75326,0.0011125861674011496
75335,0.006246275701919035
75344,0.00015534514372139143
75348,0.0017947110630170946
75353,0.0005241683477772462
75357,0.0002543705786065153
75370,0.0004473082394876975
75382,5.7396247621701644e-05
75388,0.6200168320250672
75389,0.00020062273318409337
75400,0.00042470884172249746
75402,0.011390981633916235
75414,0.00016675938629284273
75425,0.000460487903840704
75430,7.859414716865759e-05
75442,6.451974083338045e-05
75443,0.001106860263120924
75447,0.00020493819442473445
75449,0.002216343483729011
75452,0.0004042714219655535
75469,0.015528096509012967
75491,0.00022113804765144942
75502,0.00473996048018496
75508,0.0001984171343813259
75514,0.00011272661429014871
75518,0.0005101367239330344
75526,0.009091611077059518
75535,0.06615979181006064
75548,0.02966948748252384
75556,0.004574244568420302
75563,0.00048786014374877076
75624,0.04653273660363408
75625,0.00023958191366080196
75626,0.004708114088852033
75629,0.09536819175989178
75632,0.00040858508339290016
75633,0.00042005551098405684
75645,0.00025459745649701317
75647,0.0006246935427921104
75650,0.0001660717467502109
75657,0.00010021438905304797
75671,0.00015093799656491593
75672,0.00024048682959972723
75677,3.5004059899125216e-05
75686,0.033660122735115976
75708,9.740258019847351e-05
75731,0.00022101414729659276
75736,0.0006758889361512894
75738,9.195691264105925e-05
75763,0.0005453773934327804
75764,0.00013833307503723254
75765,0.00030238039536499746
75786,1.0378514424174195e-05
75790,0.0003079297712997493
75795,0.0025010313809710636
75816,0.0005000116940273396
75819,5.635637963392217e-05
75825,9.336784879051429e-05
75827,5.2882851379617156e-05
75835,0.00011397118211558582
75836,0.00024108528627839486
75844,0.00011814379298532259
75851,0.20572670186649133
75855,0.0028144008781906243
75856,0.00024598801492003503
75866,0.00017110444980610972
75895,0.0008822933401691311
75902,0.01319369444288978
75905,0.00023605836663341976
75906,5.837701164625483e-05
75919,0.0007234108991305108
75928,0.00014043743999010756
75931,0.0005278827449113865
75934,0.00032233557430300547
75942,7.31081763662956e-05
75945,0.00020250651697925918
75946,0.0003413677988178453
75948,7.378124720612661e-05
75966,0.01691067997727226
75967,0.0012240473918670328
75971,3.476690345854032e-05
75978,0.00032415641846141746
75988,5.994229800839911e-05
75993,0.0001173322783923571
76004,0.005995654612971353
76008,0.00013511245622972037
76017,0.00019464924804282592
76019,9.544323581815783e-05
76038,0.0027691501831377534
76044,6.441809225493532e-05
76047,0.0018629164600089607
76054,0.0001687741978499512
76056,6.241892079750312e-05
76057,0.00042012687358168284
76062,0.00015544258040255332
76065,7.316133651940799e-05
76079,0.028128670545484367
76087,0.00011776086874256843
76089,0.09311266284253845
76093,0.0001506734720518164
76099,0.8218919825701763
76103,0.0009250712474847907
76112,0.009207124114887708
76116,1.5026881095210528e-05
76120,0.0006202970364115208
76123,0.0002655201472238936
76131,0.0006446529020478474
76138,0.00026287749026186806
76143,4.5703558370640705e-05
76146,0.0001079021664773787
76147,0.00036498507308840877
76164,0.0002637151109186342
76167,0.00014495762975135718
76173,0.00022935929743622736
76177,0.0872433980639831
76180,0.00016781785798758398
76186,0.00011440236788994895
76206,0.00010649499020678908
76216,0.09727018048354466
76221,0.9925165341771316
76222,0.9646880088256464
76227,0.000377460372814182
76234,0.00020552230385786015
76240,0.004073256389241039
76253,0.000537545567246778
76265,0.00032447114194198345
76266,0.00028513141542246877
76278,3.8699650297388146e-05
76280,4.5513081787733666e-05
76285,3.545455484531694e-05
76290,0.0006213358729720622
76294,7.845756851068712e-05
76295,0.00032872680247347916
76296,0.00011629701625053244
76307,0.00020680114236310292
76318,0.00017863621533132097
76323,7.527921222005094e-05
76324,9.889452712564202e-05
76325,0.00015658891526051054
76327,0.0001778566855798313
76329,0.00012685732578976268
76330,0.012611956777214075
76331,0.007379878744761416
76333,0.000947972219100597
76335,0.0001998989957456571
76342,0.00028349544500655074
76345,6.448491661889487e-05
76347,0.08943319547699446
76357,0.0006446783323989019
76358,0.00012855013881677628
76359,0.00041785352380660273
76362,0.00010251728379656152
76364,0.00010694774531624622
76377,2.763724954756791e-05
76381,0.00017582648003095338
76383,0.00038497111535534134
76387,0.010710835296692891
76388,6.798308224244712e-05
76391,0.8641582072809526
76395,0.0005475204345111683
76398,0.956670062132571
76413,0.0018374558081919938
76416,0.00017160609048770667
76418,0.0014654799042544662
76419,0.00016113479059702123
76424,3.331123742165937e-05
76427,0.00047509428548413515
76440,0.0006605699342586488
76442,0.003351784695673586
76443,0.021947232137672155
76456,8.70159567962327e-05
76458,0.015400595724618747
76459,9.693929489383408e-05
76469,0.0058843876436225325
76472,0.00039646726767650565
76476,7.728942566337492e-05
76477,0.9908716137155184
76486,0.8690996222963377
76487,0.9711461699290131
76490,0.00035725050652421123
76492,0.0005473219887480194
76512,0.0173946081739595
76515,0.0014110592456493688
76516,4.75427185996803e-05
76524,0.0007951601449445677
76526,0.00010204187977069955
76527,0.0003586944394198136
76529,0.0010308435793544002
76533,0.00017512670268229636
76541,0.00013454502377389075
76544,8.495374530474549e-05
76547,1.700245761676596e-05
76557,0.039505856639278886
76568,0.00017794435082210133
76578,0.00025038120855126197
76582,0.0011365196606445708
76585,0.004400041501592768
76587,0.0013994289157305234
76590,7.504367766555543e-05
76591,0.0006131810684279428
76592,0.0006547734084066442
76594,0.00016648027373975373
76608,0.00012071304537894498
76610,0.0003207628219881962
76618,0.00020683470812299877
76638,0.00018111224272297823
76646,0.0028845587911892133
76660,0.00019725824147883786
76663,0.0013869354390036162
76672,6.10896559527607e-05
76682,5.998391142789584e-05
76690,0.009873422433146792
76696,4.2259773630601336e-05
76700,0.002970382302036586
76707,0.003680787314164771
76710,0.007860732040050913
76711,7.370782888784358e-05
76712,0.00026634370769240554
76716,0.004560009602625376
76718,0.000663001074585075
76725,0.08907254390662511
76728,0.0029027384600431557
76734,0.00025476166706926587
76742,0.0012310304144437412
76744,0.0013894607353888097
76748,0.0024521042311555653
76751,0.0001704013295582115
76762,0.0001583282591531718
76765,0.002594672556846195
76767,0.010808799834036261
76768,0.0007657316820038413
76769,0.00020333443350175313
76771,0.0002176047997100301
76786,0.9757665656119799
76787,0.9526130429277427
76798,0.00025134944945812165
76799,0.001906127798494191
76800,0.0020257141948003023
76801,0.00011510801554257883
76808,0.0005178374055622815
76816,0.00014186523679671898
76817,0.0012585968070187884
76827,3.109916392151416e-05
76829,0.009334454796324112
76830,0.0003605869711439312
76831,0.0010343908695700948
76841,9.801949108681742e-05
76843,0.0007651241310336162
76851,5.8991909440191196e-05
76852,6.314968629261626e-05
76854,7.282176102625922e-05
76861,7.346261012768863e-05
76862,0.03841647770122467
76869,0.0002948528904667719
76871,7.899137408997066e-05
76881,4.921820056787555e-05
76882,0.000438143810714013
76884,0.0001296710183890428
76900,0.0001872051211257134
76902,0.01145435376838448
76906,0.006520175382435575
76913,9.066737693084718e-05
76916,1.4458200663492473e-05
76917,2.1553368422608273e-05
76918,0.007241197363676535
76930,0.0002962284270155823
76936,0.00022591215297340994
76938,0.00029657777678004384
76948,0.0012009315922924594
76957,0.008441036016005186
76958,0.00038627806873689664
76959,0.0001321825724731659
76966,0.0015175620727702309
76972,0.8589467761205765
76975,0.06953542420474015
76979,0.0023388938548577634
76987,0.0026969797349264
76989,0.006552755623225883
76994,0.014305298977148048
76996,0.002212877441196273
76999,0.000484582393547057
77007,3.454486456755876e-05
77010,0.000505766600146867
77013,7.001169479787528e-05
77022,5.924734877459693e-05
77024,0.028024007821120238
77027,0.0012791742750114465
77030,0.005889409185610256
77039,0.0002827836425379929
77049,0.003798429704099324
77058,0.00029787028717008545
77061,0.0002617152802955567
77069,0.0006282145061413385
77072,5.829940624188757e-05
77076,0.00011118397183668973
77077,3.848033954522206e-05
77080,0.0013781827947532638
77081,0.012309647500948363
77084,0.508281196447979
77109,0.0002803576860052634
77124,0.00015327188770507827
77136,0.00022980372257547276
77137,0.0057862690676549035
77138,0.00020317442002153077
77139,0.014971450976154939
77148,0.0012129097315526612
77154,0.0004171537453987262
77155,0.901861204022977
77168,0.00026225477269759413
77178,0.0004791766763040755
77183,0.03425079398562711
77185,1.9032581151112337e-05
77189,0.0009472893952907762
77190,0.0007536336820774516
77207,5.294574361356794e-05
77208,0.00012636551694504954
77222,0.06958363450930119
77223,0.00035125322359101413
77246,0.004025492008572424
77247,0.00023011735004299508
77250,0.000433794974129203
77265,0.0002385354362680703
77266,0.0005601673020877405
77268,0.0022591435855778557
77274,0.00011543005597256797
77275,0.11546139725955593
77282,0.9878039491022389
77294,0.00017158468594226817
77304,0.0022705881895476988
77308,0.00021546890168490116
77309,0.014527601842509237
77311,2.0966794012234186e-05
77312,0.0008495620873865577
77330,0.00017322672062328192
77333,0.011958276333947273
77351,0.0001404499442432885
77352,0.00032787582083860546
77364,9.668808797613206e-06
77366,9.809418300061259e-05
77368,0.00020294856479170933
77374,0.0002965270669283991
77377,0.0074160271905446395
77383,0.00014074355243444373
77387,0.0002052237654542722
77390,0.0006793660946268515
77395,0.762751348456478
77400,0.00014871829935941553
77407,0.0001060892761161442
77417,0.0031299322817534498
77419,0.00035272357458421836
77450,0.9385573126828743
77452,1.3458682307744943e-05
77456,0.00032446319523998427
77464,0.0009077998815258654
77473,9.602780774825901e-05
77477,0.0006476710800044908
77480,0.9847090462164596
77488,0.00034970238333560026
77490,0.00020556910134482832
77491,0.004316321838624325
77496,0.004712357884151906
77498,4.982187939295593e-05
77505,0.0002662054401897716
77508,0.0004601734312906767
77513,0.00017984571993579385
77526,5.406208138716503e-05
77528,0.00024947255710082726
77546,0.000501723279968876
77550,0.0002722870121352781
77551,0.00125722062821307
77552,0.0010953891814060922
77554,0.014522563678982187
77556,0.00010404515878819072
77563,0.00023119349735881866
77568,0.0002608143130864475
77569,4.2983139555022843e-05
77572,0.0004058349419097732
77579,2.4051814765914436e-05
77583,0.0003663078685104949
77585,0.008454476338013656
77591,0.00011470377922996863
77593,0.0009896346101438691
77595,0.00040289421548167644
77597,0.00013798502659425138
77601,0.0002851236640314404
77608,0.0030704784435088396
77612,3.132529176961812e-05
77620,0.005168340731067259
77621,6.331877055587351e-05
77628,0.0008264195079159429
77630,0.0016401225816613737
77631,0.0001315214827748093
77635,0.002541299461234415
77637,0.03048001288713354
77638,0.0006077118464168977
77641,4.292906594959347e-05
77642,0.00019803828973209096
77643,0.00032900433900107296
77646,0.00013313278884102424
77651,9.341285287502322e-05
77653,0.0003322629482792041
77655,0.0001311043903811495
77661,4.692467667617562e-05
77662,0.09665172040442824
77663,0.0001742471275300198
77666,0.00014068264489085937
77668,4.364078285793796e-05
77670,7.473785744060673e-05
77673,0.0259374468646493
77674,0.00015909781312585725
77675,0.00018573872153690104
40204,0.0019395644645042016
41634,0.0009323551093521047
41728,0.00010222010364541832
42129,0.0004006815206646855
42956,0.00019658992224939442
44197,0.00018958640814255762
44216,0.03615291688563367
44217,8.922785829803859e-05
44288,0.00585449423625936
44344,0.03191250383240624
44346,0.0001355286789358769
44420,0.017066887999380664
44546,0.0011170776241393831
44685,9.76394338337531e-05
44711,0.006312786226326635
44721,0.0003056053828121965
44755,0.00013224303860891523
44756,0.0005301259077806156
44757,0.00039249197145218895
44792,0.00046272561124052
44793,0.04422250042577548
44846,0.0002476439882393597
44849,0.0005839076863436078
44944,7.143774285137213e-05
45017,0.0005580142765617423
45090,0.001107100492605185
45184,0.008224183015487812
45252,0.193759463358348
45253,0.00029776523026171683
45254,0.07908610454551729
45304,0.11682696223312647
45309,0.06942403876283161
45310,0.0009294907427108913
45311,0.0010305714741144657
45359,0.0022931469883035096
45477,0.0005090420070485652
45530,0.009022623717629045
45562,0.00047678181577392347
45568,0.0031014814899025683
45571,0.00048444695092313643
45620,0.2699490377560029
45642,0.04986508830277642
45744,0.0419727011003276
45815,0.00017391962423064428
45818,0.00037680182461853623
45823,0.0005651964910715152
45828,0.0047569291696169195
45835,0.0015352209565791628
45840,0.00010922264240632633
45853,9.721328658697211e-05
45896,0.02267158310908013
45906,0.0006958365488901581
45925,0.0032841099247902317
45926,0.00027107423231462316
45936,0.08989565180362671
46052,0.0028254128541152037
46092,0.2309008994828045
46101,0.00045800518052961734
46155,0.0001759412326591409
46178,8.432952006476683e-05
46263,0.002128696560378436
46265,0.0003858218886817234
46351,0.00011998907054270862
46357,5.779041188878218e-05
46358,0.03742575659618834
46366,0.00024944554053063365
46503,0.00061123593136963
46507,0.005099365945036596
46558,0.0008864774631409187
46564,0.0003729793376688317
46569,0.002627975090613672
46572,0.0013866574625041397
46573,0.0001549459408281603
46574,0.0006764073152651102
46582,0.00019728840481510472
46583,0.2900934900261965
46596,0.059647302824360884
46727,0.08138165467062844
46793,0.0008571826984808668
46913,0.00014507228002886663
46918,0.001626032662035975
46922,0.00017646359199091958
46982,0.0024943125009510895
47011,0.0002983044589270199
47026,0.0008765951434262358
47102,0.006240310421204452
47187,0.0021054448858374717
47191,0.0032716652226142196
47192,0.04857012895134002
47205,0.01298193596049695
47224,7.440142230927679e-05
47236,0.0001405454993621411
47239,0.0057867573534926536
47242,0.00010057424643935483
47402,0.00023873488795401096
47408,0.0003009894922903169
47421,0.0030715024277206755
47422,0.0003059275160294771
47425,0.0013865177765938095
47507,0.0013844017612201346
47555,0.024226415433951164
47566,0.002257482061727958
47585,0.00043650147046355906
47600,5.89307059359081e-05
47675,6.179952586790931e-05
47679,0.0015518994745105674
47751,0.00034804586307286476
47768,0.000485822389278154
47769,0.0003983466594592635
47772,0.00016057394180717127
47782,0.004899298915943424
47843,0.013205980061226157
47904,0.029484113645547965
47913,0.0006734672947568856
47914,0.0001418054498107546
47998,0.12889055489111756
48004,0.13613853604324871
48036,0.00010451764608570344
48075,0.008521752524023322
48114,0.00028821472051667276
48170,0.02401967671173913
48179,0.006529707694704792
48217,0.0004896625270715861
48369,0.00031744714639416415
48494,0.0003276975825280252
48515,0.0035716815677066804
48538,0.006079871905532906
48621,0.0019868110970450463
48926,0.0024384898803914254
49010,0.00018104092106632509
49014,0.0003622443625062101
49015,0.0032816347622530865
49016,0.0004332721761651633
49025,0.0006034712866349742
49044,0.001917768702989544
49147,0.00013585482335342963
49181,0.005158730054638528
49184,0.031236579337289093
49188,0.00037843279918515067
49218,0.00021048977222632557
49268,0.08833581952774512
49273,0.007218603507995338
49277,0.0035082442717782577
49278,0.000168935738001948
49380,0.006282543386519015
49449,0.027127103237281753
49454,0.0065309024364643324
49469,0.22476808897939285
49474,0.004968609894712865
49475,0.00046392143828647087
49478,0.0006344116149360041
49484,3.639264198564139e-05
49529,0.03056155437745988
50171,0.005613700504568716
50172,0.013062506552888391
50179,0.0021957991837043777
50182,0.002768726866521646
50187,0.003056146302213993
50189,0.00021127344026410468
50190,0.0004653528343087379
50191,7.796806634880839e-05
50194,0.001560871886261476
50199,0.00027212760511569815
50200,0.0004037220237784751
50211,0.0022205204395393083
50217,0.0001718415127061002
50219,0.0006260827616405379
50220,0.000682949879456778
50224,0.009654418274030952
50225,0.019387563425332193
50226,0.0035452365462899245
50227,0.03163713759906184
50230,0.0001756653120068291
50231,7.519369077711381e-05
50233,0.0011466272846729854
50234,0.0010938966177449195
50235,0.0001576413803625133
50244,0.0003343127483659389
50250,8.78605842749049e-05
50253,0.0007263636875860677
50256,0.000930640720841449
50259,0.00047545231700879385
50277,0.0002996457503298655
50286,0.0037925953340660103
50296,0.000364432582801959
50300,0.0007809305887709443
50303,0.00898899906631283
50312,0.00017878412279236796
50313,0.1333483016942318
50314,0.002348159230670343
50318,0.0003391907115633129
50319,0.000429962425656767
50320,0.00020655026488730838
50324,0.0001536276466339377
50326,0.0002990498589910673
50334,8.038223454714869e-05
50342,0.004527117134091571
50344,0.13606351686121612
50351,0.0012969328513309565
50363,5.875404982016785e-05
50366,0.1141440030091156
50369,0.01512004527781106
50379,0.08078872178259291
50396,0.019167030115703622
50399,0.00032696481496687915
50400,0.0012064940258168296
50402,0.00017446776291144418
50412,0.01417878484771406
50413,5.7669664403100475e-05
50414,2.5370583421463792e-05
50416,0.002514481916079371
50422,0.0022395505697342675
50425,0.00014995569352050045
50426,0.00227018047121589
50427,0.0001301453077372864
50428,9.725064798694673e-05
50434,0.00040435668291929477
50442,0.0005080902909439464
50445,0.003697832602044067
50446,0.0003066378277449001
50447,0.00038751200807840406
50450,0.0054795473005237886
50451,0.00031086418206751194
50452,0.0005736292039289942
50453,0.0002433456350660392
50454,0.21365267905101304
50462,0.0004540531212716257
50465,0.00829151791418349
50466,4.436976418847563e-05
50468,0.001646040415797118
50470,0.002191322127780896
50473,6.616163979461119e-05
50475,0.0015969457328033473
50481,0.0004938048821044709
50483,0.00015700093703097654
50489,0.00032006385356226556
50491,0.0002684680669492085
50494,0.0010880537381260246
50495,0.0011636202991378098
50497,4.0162243914271104e-05
50500,2.4406531506890078e-05
50505,0.0010098813087914785
50507,9.149585159463317e-05
50510,0.0021646777395000908
50518,9.991549531349502e-05
50521,0.0015158119425367866
50522,0.05000676405227521
50526,0.00014936908035454436
50530,0.00014598117218757553
50534,0.0005254774360605996
50542,0.0005151720287201312
50543,0.0001809581709941953
50550,0.00021883490561694932
50551,0.000660102698818535
50552,0.00020375494549374105
50553,0.000700306841339957
50560,0.00033202214133711385
50567,0.00020178430984777354
50569,9.18935080464714e-05
50571,0.03624675649350717
50572,0.03621435880031036
50573,7.21391837685117e-05
50575,0.00029173211015794034
50580,0.00029803055279336747
50585,0.0002776959067013692
50586,0.008170384591647283
50587,0.01200983824429807
50588,0.0001791766305473163
50589,0.024390922224293267
50590,0.012163608130820035
50593,0.12675934263202268
50594,0.017221090786876336
50595,0.0003488220337487151
50596,0.01517163401757694
50597,0.007486987027062124
50600,6.325487224923442e-05
50614,0.02632005952363872
50616,0.0016612951268572557
50617,9.707381339618069e-05
50619,0.0018065831702401903
50621,0.0004329977834551849
50623,0.00010156672611550308
50624,5.1207743769200837e-05
50631,0.000191221846195324
50632,0.0011760372822935134
50633,0.00011086171784137881
50639,0.0013251824800510374
50642,7.565733259194175e-05
50648,0.00017729556530369988
50655,0.00019393978513423203
50657,0.000328673376255803
50660,0.0005786381270513984
50663,0.001640369011816625
50666,0.00013439425752180648
50671,0.0019063266747450832
50679,0.00018578452318465636
50682,0.005612781181389898
50683,0.000878503161085597
50685,0.42585366810852743
50688,0.0018215639456130208
50689,0.014752971116297076
50697,0.00024705583116882093
50699,0.00022842687457962037
50709,4.744591424605445e-05
50718,0.00010115218619279009
50719,0.016071954652010695
50728,0.0157679615923467
50729,0.06719223525805532
50733,0.000495563704689217
50741,8.26864548498137e-05
50749,0.053933258818797895
50754,0.00011615866401396314
50763,0.00027874674065448644
50768,0.1665008227159098
50770,0.00014330494993090973
50773,0.0007495889124399384
50780,6.558066092293867e-05
50782,0.0016806238163889833
50795,0.0007212701300877827
50796,0.00019032943249424906
50797,0.00913002242149514
50798,0.015010827749268124
50799,4.1180574950193536e-05
50801,0.00040885271819694074
50803,7.156601704597931e-06
50804,0.0001717701667253241
50816,0.0007737300373571042
50817,0.0005522104964059523
50821,0.01186009516535046
50823,0.0035533685584006273
50825,3.002154892152386e-05
50827,0.0001034424974320586
50830,0.002643279302479451
50831,0.00043625394465726837
50839,0.0015953320014561283
50851,0.0008273434249602855
50855,0.0011039138568230463
50870,0.0010320637441253969
50875,0.023549621313265476
50878,0.0201561319463942
50879,0.0008333355012265672
50880,6.406119474176793e-05
50885,0.0005418247985700685
50886,0.012590918094878414
50888,8.28829293340279e-05
50897,0.001268579799799465
50899,0.0018841409824054242
50900,4.355671585285933e-05
50901,0.00047782017445202325
50906,0.12407062987729989
50907,0.004559422406108514
50908,0.00017592542516354947
50911,0.0003273172750849265
50918,0.3306603814585179
50927,0.00027206521451678866
50934,0.0010380642095414233
50939,0.009050901260690839
50941,0.0002422286497377967
50942,0.00046997408482962256
50943,0.00026934983734302565
50945,0.01831887279979611
50946,0.014388529128828875
50947,0.00017302706216382736
50948,0.14632956249231122
50956,0.004909099561003086
50957,0.0006654521192289222
50960,0.0002778627032953225
50980,0.0001511106841907557
50986,0.0007815731556490305
50988,0.0003713120105030514
50991,0.034508295570670505
50993,9.503899188992656e-05
50994,0.0001326184046761437
51000,0.0007471592593723344
51001,0.000536652156155296
51002,0.0023993326005436917
51003,0.0004051501968771975
51013,0.0005088270936285358
51021,0.0026325065718054014
51022,0.04246729491140161
51025,0.0002309341134512428
51033,0.0050131243198241315
51035,0.00018142617975176514
51039,0.00015445268410920715
51040,0.0011009666355923753
51041,0.007444757751696154
51042,0.003625827235343749
51043,0.0018095187034275235
51048,8.570071301488227e-05
51053,9.517892304603802e-05
51061,0.025900599535655457
51063,0.00015425446636973346
51072,0.0003279971007731754
51078,0.0014463909541481722
51081,0.00023538101441563896
51091,9.824402014475413e-05
51100,0.00048303444773443766
51103,1.7462581619733214e-05
51107,0.015042172023879556
51114,0.023903151319689613
51115,0.04638082362924573
51116,0.00013113790616119645
51118,0.0003348595637071013
51123,0.0002168262870576082
51125,0.002530491633684722
51152,0.0001826417299134783
51155,0.0034936668835415046
51170,0.005772349823726494
51171,0.07483815096439539
51179,0.02201172343450464
51180,0.16654846616131855
51181,0.026909723609650788
51183,0.011266039050716452
51192,0.00010890540200696883
51193,0.026560264908276066
51201,0.0006408846270885226
51205,0.0001097401388761092
51211,0.00041324601052961823
51217,0.0002719499062693571
51219,0.000103236209713821
51225,0.00037545818824084653
51227,7.754064735450147e-05
51234,0.0005856722323318415
51238,2.862771145624008e-05
51239,0.01812941308561827
51242,0.0004948599761849356
51244,0.04044033137873576
51254,0.00036919023356726143
51255,0.00031490594804612005
51256,1.5325243607414246e-05
51262,0.0009318405210825924
51265,0.00014448812923714127
51285,0.0003380335123300388
51298,0.09163674724459143
51314,0.00011812170772981142
51319,0.00030337179437527203
51320,0.009787907873116479
51323,0.0005311987281062274
51327,0.0021683535551653686
51329,0.0003718436127355741
51342,0.0018508905762220234
51352,0.0022261551639062077
51356,0.06336112825022369
51357,0.001773145970037352
51360,0.001200667624982585
51361,0.0019927236065564093
51366,0.00022797820353716007
51372,6.471555675751353e-05
51373,0.002251877069601468
51378,0.0004972177911740974
51379,0.00035374910172375306
51380,2.5286096004601277e-05
51383,0.03172358616488908
51387,0.005483683814093899
51391,0.001952271176965322
51402,7.695350701769415e-05
51415,0.00899707341963774
51416,0.0004476265291838739
51427,0.00013235504674881366
51437,9.71101547928277e-05
51443,4.338472881153719e-05
51450,0.00014147787375219775
51453,0.0038349211830400833
51457,2.585178816956888e-05
51460,0.0013665534333653848
51462,0.5679938327195726
51474,3.846137107003932e-05
51475,0.0002135385216218873
51481,0.00048004646267538317
51484,0.16415179256334717
51488,2.297339985382914e-05
51496,0.05680006391266128
51504,0.028876702832635086
51508,0.00015519619931472948
51522,0.00026337507543793394
51524,0.0011514008561454743
51529,0.00719852073485621
51533,0.015634144124421746
51540,0.2161367026727431
51545,0.000331503435870992
51547,0.00038674485372750303
51548,0.007852140626385944
51550,0.014825148998395606
51562,0.0001912969713094525
51573,0.0014259972446145981
51591,0.002314670244610628
51592,0.010353809445712034
51593,0.027528617130566695
51618,0.00014614877947066778
51625,8.533625951807036e-05
51626,0.00024993019445025797
51627,0.00035011371752203895
51639,0.02205598582569865
51671,0.0001864296918530763
51672,0.007067730455579064
51686,0.00044892333136371376
51687,0.0014036420282439214
51703,0.0003774242886639521
51708,0.033481901164623365
51733,0.5462271944262044
51738,5.5233640157775975e-05
51755,0.0027631108245237262
51761,9.41619144782789e-05
51777,0.0005240597108768925
51783,0.043044493678998916
51787,0.002911445622216135
51800,0.0005533359410392172
51809,0.0003173268280970516
51819,0.0001599394806379639
51835,0.00018264807407883293
51844,0.006934329172369194
51845,0.005001525587428339
51855,0.19305783536307597
51858,0.0031305793683725786
51861,0.00012412824899911672
51868,0.01956186435178451
51876,0.11856647679656834
51881,0.02920513437549179
51883,0.02526592115958374
51885,0.00046911643030529297
51888,0.018135660905578825
51889,0.06260762290107115
51894,8.86618132390896e-05
51895,0.00031718289627081803
51899,0.0025729659044198957
51929,0.00040002787117151
51932,0.0010853852369674566
51933,0.5952088773222967
51934,0.013759896653512668
51938,0.3092220165155676
51956,0.02577786389741061
51959,0.00010697269219948151
52003,0.006207155621605769
52022,0.0002645859847533892
52025,0.019426584112039257
52027,0.000679937137975822
52028,0.007600158244600341
52036,0.000560669034299359
52058,0.0006048385984261193
52059,3.3181169617050575e-05
52082,0.0006004539742122517
52087,0.000638902940352279
52088,5.06859495523979e-05
52089,0.00011607303344179272
52090,0.00039636884169109196
52091,0.003652494787348159
52092,0.0005867085931098267
52096,0.0001102318708770974
52110,0.009554808768038233
52117,0.0014528000550892467
52120,0.001139799468050592
52141,0.004567372660462638
52145,0.0028749884404427
52146,0.0011195589104241242
52147,0.005679903162986754
52167,0.00031502703652928194
52175,0.00040804664964206206
52209,0.012100797752382745
52221,0.0017960687516837613
52230,0.00014971209301526414
52242,0.00013082680180788057
52255,0.0016055750555533657
52257,0.027969808175982644
52258,0.025181397848793807
52259,0.00019123987657098887
52261,0.0003546954455881068
52269,0.00016547318947452775
52275,0.000715368744777077
52276,0.00026451849555139597
52279,0.00021949154417782722
52282,0.2033841096079613
52289,0.0004076689701695349
52290,0.05629085357366316
52293,0.00030159313195738844
52294,0.001001757459566351
52301,0.007249163648828721
52307,0.0012819702586193472
52308,0.0001219927641939921
52319,0.00025540796547235606
52330,0.00020432158958991786
52335,0.00010241547117628732
52346,0.000288722087808237
52348,0.00016831434857968262
52356,0.014604954457240683
52357,0.0013682169127922296
52371,0.0003059364704740736
52376,0.0013256016611653523
52444,0.0014269697455339587
52458,8.175361105833496e-05
65428,0.0006261061263785803
65432,0.0014876210293778686
65433,0.044260529705873436
65435,0.00011947428662314345
65436,0.06704027956224459
65437,6.761227537927832e-05
65440,9.406914626525713e-05
65441,0.0007462191658206273
65442,0.03228220382668609
65445,3.0756672128091764e-05
65450,0.044163711100310504
65451,0.07555947569805975
65454,0.03423961614967566
65456,0.028493489631533173
65457,0.0031108741677633267
65459,0.07869086127498418
65461,0.00034195707642047226
65463,0.00019133467202445172
65464,0.0004408081193532547
65465,0.002171054648211425
65466,0.0002470263732862382
65468,0.00022629462074104823
65472,0.00015220408139578277
65475,0.0007926456126043759
65479,0.0031740937560851457
65480,0.00228805885547719
65481,0.010937599920953653
65483,7.034186062236575e-05
65487,0.00506823092318887
65488,7.033038116412689e-05
65492,0.44017492857355944
65493,0.07229021381561532
65494,0.036212349163463615
65496,0.0001039005396278298
65500,0.024381877761665137
65502,0.0009168704719943282
65504,0.0009452117857081473
65506,0.019444353487386004
65507,0.007473682966168138
65509,0.0005198994756516114
65510,0.0002847989514482292
65512,0.00042778108264407015
65513,0.006159452568275955
65514,4.893330578199852e-05
65517,0.00033089280915155994
65518,0.00224046735296639
65525,0.00012852187123798018
65528,0.0006905480133291075
65529,0.050186486394659405
65530,0.05345717072131991
65533,0.0011122604018678304
65534,0.0005806226137160985
65536,0.00047440617270679106
65537,9.736412301722199e-05
65539,0.000545644289739476
65542,0.0007673291640673195
65543,0.000455642660662282
65546,0.00021749721221505237
65547,0.012247048813500742
65551,0.00021575434152890896
65552,8.623302808001913e-05
65556,0.0019863706667143607
65559,5.94049370625496e-05
65563,0.31305997469253505
65564,4.823584150991892e-05
65570,0.0018245478976454117
65577,0.0005295844136047131
65581,0.00033467811074568143
65582,0.0019992859582158313
65583,0.40036486440609664
65584,0.001297957566367523
65586,0.05900117448491066
65587,0.003567235627049005
65589,0.01722604292956835
65590,0.0021396572307243508
65591,0.0025012643929758814
65593,0.017538591146403246
65595,7.612109122519515e-05
65596,0.000585153601651143
65597,9.482923628347705e-05
65599,5.1401621389000684e-05
65600,0.025151598345592878
65605,0.04621888260014299
65606,0.00010259909986629309
65607,0.0029920394250648194
65608,0.00022840643767854934
65609,9.91467714578255e-05
65610,0.0015284818323813404
65612,0.0042709127015371695
65613,1.1105066682996889e-05
65614,0.0015686582646249232
65618,0.00012774958393072438
65622,0.005889844636061093
65623,0.0009262256785830432
65625,0.00021820193518543274
65626,0.0006729664753121943
65628,0.0007847372429039877
65629,0.00019608121173528878
65633,0.007763211641701282
65634,3.1676443810583607e-05
65635,0.008919000586309966
65636,0.03154359485849319
65637,0.000221334204239706
65638,8.283506604704559e-05
65645,0.0007144095315588081
65649,0.0010528583675864227
65652,0.0003320461768672344
65654,0.024562703332506
65655,0.10022729910102918
65656,0.08912917108007826
65657,0.0026205279872023495
65659,0.0003912653610282709
65662,0.04984542213240663
65665,0.005354281082960403
65668,0.18380961078212077
65669,0.0009130790903942679
65670,0.00015768846072744219
65672,0.00020050726701165004
65674,0.29786506103741617
65677,0.00018683754239243758
65681,0.00028177787095012385
65683,0.009498172391327246
65685,0.00011628940034357906
65687,0.0006190656750175605
65691,0.00044712101228667784
65692,0.028820305148259256
65693,0.0010389020620152417
65699,0.00018619826800915233
65703,0.000272585159298149
65704,0.00011480619211267788
65705,0.0002677549250348975
65710,9.181670467009226e-05
65714,0.1781973071032161
65716,0.004973546865021908
65718,0.008867044327829594
65719,0.000923323889350212
65723,0.0003014192857316607
65724,0.0003695215499154728
65726,0.026199003860333067
65727,0.13655236340634683
65728,0.015648578988396424
65730,0.000287301976272444
65731,0.005629591523887579
65733,0.005744234867859561
65736,0.0002571416010593865
65738,0.00023994293930480875
65740,4.9069609385848546e-05
65741,0.0027906325969246047
65743,0.019854159458556897
65744,0.0002366660627646305
65750,0.0006055191615633015
65751,0.009094052408325618
65753,0.003619064719411283
65754,0.006391691315901289
65755,8.888409657672486e-05
65759,0.049734130019081196
65760,0.00035103477777058715
65761,3.7908961684118255e-05
65763,0.00023003736753175245
65764,0.00038505718650348167
65769,0.0023629202476990203
65773,0.0007298252891782484
65774,0.07179381139493077
65775,0.0002649205678845219
65776,0.0035875066463815714
65777,0.00017835413270063578
65778,0.22652217979043288
65779,7.230977978066136e-05
65783,0.00016071375962766819
65784,0.0008131125278068459
65785,0.002999231385150387
65786,0.00012058170150039501
65787,0.0001413753169217966
65792,0.031233865922457592
65797,0.8734400022218667
65798,0.004305160978771013
65801,0.0002117617217747232
65802,1.0482134458896639e-05
65806,0.0005217418599980122
65808,0.0006593823084264036
65809,0.00019205863400831522
65811,0.00018247358379248362
65813,0.0002697283920870359
65814,0.0006009877880955298
65815,0.00813116810533598
65817,0.00011711729818310195
65823,0.0027144897645719006
65825,0.00012644488462618922
65826,0.00015705403620075304
65833,0.000579678449978727
65834,0.00024237460623210155
65836,0.00046711052189281615
65838,0.000829883267611165
65840,6.217689740484005e-05
65841,0.01240695894870066
65843,0.07597518673738828
65848,0.00048809028634537216
65851,2.6509287272939025e-05
65856,0.012220291867461822
65861,0.006472414801245886
65863,0.00028175836922490457
65864,0.00038578548711783395
65865,0.0003981136653137127
65866,0.00863731224551997
65867,0.00403997504341556
65869,2.5541721519525968e-05
65870,0.0009747176873635144
65871,0.00016812825792204196
65872,7.413321585825915e-05
65874,0.0019485122643857543
65876,0.09670151351351709
65879,0.046314609412071016
65883,0.5608705181443308
65885,4.7568544043489095e-05
65886,2.6816548091518682e-05
65888,0.03353527030353603
65890,0.005670246967578564
65893,0.0005073265787141644
65894,0.0003157531741889239
65899,0.00048247391049758713
65902,0.004439448653556548
65903,0.00020310095732313993
65905,0.00014116565607600343
65907,0.001656011966471276
65908,0.0004214508893881744
65909,9.294949924291599e-05
65911,0.000885333615646732
65924,0.007573599125229522
65928,0.0013126427769928448
65929,0.00047023398261229776
65930,9.423847161881918e-05
65932,0.8635402078367775
65933,0.0004983808488462778
65937,0.1659725317442741
65940,0.0008596873385040639
65946,9.558328064857569e-05
65949,0.007037085070319927
65952,0.0005958547715724358
65953,0.00021593021770131658
65955,0.0002038000823957671
65957,0.0008871360417480566
65959,0.00026999958885260675
65961,0.0002484163034065042
65963,0.7929666080272523
65964,0.02211315795137885
65968,0.00017010624583905048
65969,0.0017182136403562844
65971,0.00039222230389829565
65972,0.0006412434015109196
65974,0.00010854787284414775
65975,0.0009879898604968377
65976,0.09105445895240637
65978,0.0041679743828948205
65979,0.0006491266487782523
65981,0.00985645686781184
65982,0.0006704265276894708
65983,0.0055604191842719645
65985,0.00017537511400939304
65987,0.00013861919166975581
65989,0.007405371836115778
65991,0.013832760056160982
65992,0.00015183816348406597
65994,0.0029683764980442374
65997,0.0034122913066936293
65998,9.133323110458263e-05
65999,0.00038865744480109335
66000,0.00023178816980029714
66002,0.00539852943166033
66006,0.00880041335176611
66011,0.0021075218506225175
66013,0.00018482764499390302
66014,0.0004706323212867608
66015,0.07847858333776388
66017,0.003347649318742255
66021,0.00036515342128795223
66023,9.426316997349614e-05
66026,0.0014996024202811207
66031,0.005234310760544592
66032,0.002026502457576649
66033,0.0003724133815177273
66034,0.0059817291853711185
66036,0.001613250285301289
66037,0.005172122444951374
66038,0.002188071907978367
66039,0.018795529938462667
66041,0.00017644410895521924
66043,5.591930248418347e-05
66044,3.848711485812465e-05
66046,0.00014184710748651693
66050,0.00017047351126260623
66051,0.7757758982527714
66052,0.0010589760245081211
66054,0.0005908446415147193
66058,1.5248514553710762e-05
66059,0.0008293454586173393
66063,0.0008762908405157369
66064,0.02296191654455491
66065,0.00045352737964530576
66067,0.00031522780075236357
66069,0.42656738410146156
66070,0.001079635512485223
66072,0.4250232711912883
66074,0.00012138529148436111
66079,0.00031776356057986767
66081,0.00025981668919643306
66083,0.0001582900417594337
66089,0.0003795450517535016
66090,0.000649855304792147
66095,0.012501167514195197
66096,0.009776841999128484
66098,0.32742887877398896
66099,0.03085354396361489
66101,2.7492804295940762e-05
66103,0.0005625498241965051
66104,0.00024700138380355356
66105,0.00011202433144266468
66107,0.057925897954531944
66108,0.5067469357024205
66111,0.022499645644269345
66112,0.3019497056243764
66114,0.12527102755278882
66115,0.7281724385357007
66116,0.000995495976437821
66118,0.00021382738299425495
66119,0.008382605758810516
66120,0.000169423484615372
66123,0.0006774966462702089
66126,0.005807669475710042
66127,0.0003137767147376158
66132,0.00019762561744090428
66133,0.00010798603258748274
66136,0.0002537704095657041
66138,0.006428301472751418
66141,0.0003220143590612971
66143,0.0033490675512057163
66144,0.0002054114893022898
66145,6.712352982242515e-05
66149,0.00040491512763709647
66150,0.00040389455188256115
66152,3.6064734493960064e-05
66153,0.0006885187491795317
66156,0.00355822567872777
66159,0.0009153388169566841
66161,9.766016547117048e-05
66166,0.01729376784149761
66167,0.009763104137317175
66168,0.03649420881341862
66169,0.0004402487751410632
66170,0.00095699584700636
66171,0.001008194742267832
66172,0.07929399095105985
66178,0.00022502959276411345
66182,0.0005981445472943792
66183,0.00036356285923521835
66186,0.010370791546294835
66191,0.0003418141157240877
66192,0.0016807598410657025
66193,0.0029126072418024017
66194,0.0035910684934320723
66196,0.0002163918764040453
66200,0.11029915048060078
66201,0.00017333506444583814
66202,0.13172912457739538
66208,0.04335797522908355
66210,0.001018997874884895
66211,0.0003394192150231427
66212,0.020116278769803226
66213,2.5671854513682e-05
66215,0.0017104416503899394
66218,0.0004302088491714096
66219,0.6036285470096074
66221,0.0018248755139956836
66223,0.0001979904466126086
66225,0.0001070349423881579
66226,0.031222608016438325
66227,5.9824826772802525e-05
66232,0.011232251677172136
66233,0.0010835435076160884
66234,0.0249417719223922
66237,0.00836456137776344
66238,0.012973364875589177
66240,0.025595327107254838
66241,0.0009747717922684493
66245,0.12187073150313187
66246,0.00026759423502193715
66247,0.0006236410143746045
66249,0.018694333190309064
66250,0.001210198472764137
66253,0.0014248132990711496
66255,0.01197069120943198
66260,0.0019472386470920785
66262,6.848077141595013e-05
66263,0.0016932798236418856
66264,0.00024059696379598628
66265,3.1842021394143846e-05
66267,0.007523843443611688
66273,0.03924534769875532
66276,0.0003514278885716204
66277,0.00012804975774499143
66280,0.0004695152698041575
66281,0.4897055079222831
66283,0.0003197050420013296
66287,9.038832236455103e-05
66288,0.0573943760621408
66289,0.06125117896883997
66292,0.10485036566926349
66293,0.002822787924969485
66294,2.1441856320389946e-05
66295,0.09820865467114054
66298,0.0005276529355124367
66299,0.0010537750346815934
66300,0.003434003403214071
66301,0.0022969308895198015
66303,0.000179919166920896
66304,0.0005135355324772006
66305,0.006192141132922523
66311,0.07528928192126155
66312,0.0006973562173875081
66313,0.0011939704624723665
66315,0.03021928036283328
66316,0.0003910702143634442
66317,0.001098169312232655
66318,0.00040365756540614375
66331,6.535722387165227e-05
66332,0.0027193950707057636
66333,0.0042273794035142045
66334,0.00011680436890389731
66340,0.0012111352955362189
66343,0.0001825935545173461
66344,0.00782775298773057
66345,0.000596756990437334
66346,5.1683249461668864e-05
66347,0.00044486369745990573
66348,0.00023888328731594606
66349,0.003965486972249465
66351,0.00026851983319863096
66352,0.0018591457734927512
66353,0.0018078371237140478
66354,0.0003373176690164097
66356,0.00015147193977933123
66358,0.00019736334576843292
66360,0.00027648303088281654
66361,0.00033036561678341904
66363,0.00016632423422209344
66364,0.0028912482856478738
66367,0.004792025991717318
66370,0.0009834800196554922
66374,0.00028792399278271946
66375,0.23554253186912505
66379,8.767488154765059e-05
66381,0.0001609790954783681
66384,0.0007657806149221042
66387,0.00017512799620022552
66388,0.0005035375244005866
66390,0.0004525130588162273
66392,0.0002456245331191294
66393,0.0006309450788086172
66394,0.016232036413548222
66395,0.004358396999507865
66398,0.01598021304977369
66399,8.46348432902858e-05
66402,0.008747200525710253
66403,0.0005193737967898404
66414,0.0005763160734060084
66418,0.00010447699676872892
66421,0.009557785649531305
66426,0.0002622327358432883
66427,5.016294601969846e-05
66429,0.0007309849123439745
66430,0.0037276618211443944
66432,0.00022422191754553023
66433,0.00011671908265497884
66435,5.995692380877898e-05
66436,0.00023770152317554205
66438,0.021372282686233056
66443,0.0007205084899280112
66444,0.0015046560955406514
66445,0.00010955444627355544
66447,0.00024375824610646093
66448,0.047772254290839845
66450,0.0006510051360923794
66451,0.0009198195072107451
66455,0.00023135949022382368
66457,0.00021911659418014827
66460,0.005897875115514408
66461,0.10186038376558908
66467,0.00035999425745765246
66468,0.00018778601483745186
66471,0.00039805310003353776
66472,7.052480718015548e-05
66473,0.013042953421744202
66476,0.00040823785493559735
66477,0.003228895729696045
66479,0.00040746450471667147
66480,0.0011835646197496102
66481,0.000472506981751459
66485,0.0010642235973748271
66486,0.00014921083152028575
66488,0.009203315983577912
66490,0.0004146613541325636
66491,0.00020769022082133573
66499,0.00023093668958885065
66500,0.002662157592642527
66504,0.001920465804873018
66506,3.4833898835233846e-05
66507,0.0004234762379466952
66508,9.810017538589461e-05
66513,0.0025809871651440983
66515,0.00043379667845243645
66517,0.005948321677362049
66519,0.0007039860915727797
66527,0.011654162619650658
66528,0.0004953674248077176
66530,0.000696716870910103
66532,0.11144682308551071
66535,0.018889632700895498
66539,0.00017185933538673874
66540,0.0007889491654984298
66541,0.0005622184402955866
66544,0.00017994572860033573
66545,0.006234182048426179
66546,0.00019967637347896296
66547,3.431051710939928e-05
66556,0.021028865178424526
66558,0.0003032739039129731
66560,0.0003264702671610183
66561,0.03493314094203562
66562,0.00428989088690805
66563,0.43518856803404743
66567,0.00029131394493602534
66569,0.00013277054246642054
66574,0.00016383483659219094
66575,0.06890461181647965
66576,0.0001552273093380932
66578,0.015212024098330347
66580,0.06306453930923438
66581,0.00015481079874785656
66587,0.0744966745086452
66588,0.008527815411279692
66589,0.0016028607443178378
66590,0.00024160579269841588
66592,0.000905822092042044
66593,0.023118453047270875
66594,0.005740238117040174
66597,0.00780811946984972
66599,0.0004604916133651575
66602,0.00013111923630238707
66604,4.112070773171787e-05
66605,9.90705267186254e-05
66606,0.03779245984552548
66610,0.0004929063721274992
66611,0.0005111736692867239
66612,0.005674399998291534
66613,0.00043991045619600524
66614,0.003090954013903336
66615,0.00018156001846139264
66616,0.00011263760364966576
66617,0.004298796470945797
66618,0.015222659723690014
66620,0.00036683345302332486
66622,0.0012612060218938261
66624,9.099930236372134e-05
66626,0.000495041567518425
66627,0.001124267236305826
66629,0.00010554621855516765
66630,0.016043433577978168
66631,0.00036892434314470446
66636,0.0010516847918306538
66639,0.00024785336276140097
66640,0.011448751818476363
66643,0.3786444128668713
66645,0.001783734578699587
66648,0.006499539905254839
66650,0.00017879145582619756
66655,0.00019003551805174323
66656,0.00013095226584366754
66658,0.0001842851410573321
66660,0.0008275549945482483
66661,0.0008003100874220978
66663,0.006403912133044643
66668,0.0002926189653723916
66670,0.00025448535158996367
66671,1.3681997813582246e-05
66672,0.0001360813614914819
66673,8.039988766741582e-05
66675,0.0002643456602975625
66678,0.02317476886916146
66680,0.055231463026521405
66682,0.0003097697612391032
66683,0.00035904125246186163
66687,0.0002939351270461534
66693,0.0009761502141387105
66696,0.0005828616596733301
66703,3.200459328657979e-05
66707,7.752229051215492e-05
66708,0.2138024832445364
66709,0.24926853895066856
66711,3.161188456501082e-05
66713,1.7820762213597864e-05
67483,0.000628442312261186
67487,0.00011743431041800505
67492,0.00016324473993972535
67495,0.0012490961271570756
67497,0.0001810470363785235
67504,0.011617302348450367
67505,0.005017016941821419
67512,0.00015787260012678988
67520,0.002710759715927531
67531,0.00012566071636708266
67534,3.30103688723051e-05
67538,0.03176069267309187
67542,0.0005307261219706676
67545,0.0002805573891159369
67547,8.809790839044813e-05
67551,0.001791603257821871
67553,0.002138241824805499
67557,0.002243694191141414
67561,0.00010930026786790646
67563,0.00023909187252256416
67564,0.003476034798571055
67565,0.009891755787752123
67566,0.0011795397168648345
67567,0.014796699068588132
67576,0.0791418057254887
67581,3.5297916393311926e-05
67586,0.00039650516984624955
67588,0.00044425394868866384
67590,8.0297719952763e-06
67602,0.0006151055935535775
67608,0.00011877445011409727
67622,0.0005093232248612092
67628,8.044987904482872e-05
67629,0.0004560593344157709
67641,0.0004484825237879744
67642,6.742203811782534e-05
67643,0.003668655655338585
67646,0.0002670216425057239
67647,0.0002129226043781093
67652,0.0004656135305803115
67657,0.00012214524472311194
67661,0.003925901224357818
67665,0.0001848147855811361
67668,0.0002483952054904861
67670,1.9484530225503496e-05
67682,0.00017920535448607395
67684,3.270371479235028e-05
67692,0.0024109617262882866
67693,0.00018153803684345577
67705,0.00025873244541969897
67707,0.0009178812056140724
67716,0.00037367576405695504
67728,0.005474370748863316
67735,0.05415528846119958
67739,0.0004910887064987937
67743,0.0004933549142901107
67744,7.048104410765102e-05
67747,0.00025393937253247563
67748,0.00017515397467184637
67753,0.01609732662610191
67757,0.008848101554023508
67762,7.711837271461708e-05
67764,0.00017237965844154706
67778,0.8330768520527897
67779,0.0013327997502555452
67782,0.0004428821294322011
67783,5.523401972464761e-05
67787,0.00014179961640492213
67788,0.0027652499065887294
67789,0.00017600194337326
67790,0.0007578276334523314
67794,0.004227227957097058
67805,0.00015413841328604426
67809,0.0083029860998043
67810,0.00022440848591795233
67812,0.005779810238391943
67815,0.003016119253440546
67818,0.0004953163523653669
67824,0.0001704077848121606
67830,0.0004261488985205474
67831,0.0007280316135647013
67841,0.00024052894914290438
67846,0.0019128726096496718
67850,0.029317115762720336
67860,0.005549208944316695
67864,0.00028204451976285164
67875,0.0004773194562628221
67881,0.00016176971389170256
67888,0.0002466590739921054
67894,0.0014032185988921981
67898,0.00020918552787047327
67900,0.0002454675589549647
67909,0.00015186244125736445
67910,6.597190603692385e-05
67912,0.00021442640927636425
67915,2.5250175450887184e-05
67953,0.0002171000551198965
67961,0.0005773826846089399
67965,0.00018710640562749417
67968,0.00024378642891811079
67986,0.0028853691127986325
67988,9.424737902866115e-05
67990,0.001598999120772317
68003,0.0002475307561219637
68019,0.0004811181682081833
68025,0.00035792679633965405
68033,0.0002542464395134113
68036,0.00036605575346352606
68038,0.0001749148258577142
68039,0.01109569890960259
68047,0.00015605710950280588
68051,0.0001357749343993404
68053,0.000407672220566393
68055,0.00029927802846880803
68065,0.00012231676395738552
68066,8.226963774035724e-05
68067,7.697736962723682e-05
68068,0.0007813835095317733
68069,0.00013286339659797854
68075,0.005166556888858575
68081,0.0007247956747068121
68090,3.7665175205631666e-05
68091,0.002904764472364185
68099,0.0028105113731415523
68110,0.0006262877367232955
68113,0.0007436134974106476
68142,0.0014216692490108698
68154,0.00014393200908506816
68155,5.1137945209392765e-05
68173,0.00014544599652491788
68175,0.0008145152587168614
68177,0.00036557247604782496
68189,0.00017614183882079212
68201,0.00019339236026306907
68202,0.0005611384172157612
68206,0.00047886693760026695
68209,0.0002009528478603216
68212,0.00010070720116589393
68217,0.00037402488705213767
68224,0.0025541150175710917
68233,0.0006831082979482012
68240,0.02015390114625839
68255,0.0319509045322699
68266,0.03937025493008329
68280,0.0005261900365403623
68287,0.000368361178233932
68296,0.0020962613411131524
68303,0.00046448433903559586
68306,0.0001213650289839836
68307,0.0001410459221707848
68315,0.0002743053113526391
68319,6.451441544063225e-05
68322,0.0005357582886182149
68348,0.0024991264839220265
68351,0.001222306230439453
68352,0.0031296514612214952
68363,0.0002894484103989964
68366,0.04118822815521698
68373,0.008106923600570517
68375,0.028643253432626484
68379,0.004934662093612321
68381,2.3747175336645466e-05
70245,0.0002796585717981222
70253,0.000471836728873334
70264,0.00034891957653966795
70269,0.09790333510820012
70271,0.004464803097371427
70274,0.00198967574867578
70276,0.0002498704648319452
70277,8.000745578930672e-05
70280,0.0002507812473584325
70281,0.00035068094418822123
70282,0.0006016101734647124
70288,0.0003455411398740632
70290,0.00014340250237975018
70294,0.07212726957210774
70295,0.0004159696033460669
70298,0.0006007604338307049
70299,0.0006123844354169386
70303,0.0009148601168532162
70305,0.00034217485266447483
70308,0.0002316940515036171
70312,0.0002857174808540961
70318,0.0015496567160685067
70324,4.588733540564306e-05
70333,0.0038568609215235226
70344,0.3303630148053066
70348,0.03934074159938048
70349,0.0003663460249846643
70357,0.13083236250088975
70362,0.11265432224490256
70365,0.00018056307408152234
70367,0.0004914611662825423
70368,0.00021578105217056343
70370,0.001162368866952386
70386,0.0023329743901168935
70389,0.0009306397150274589
70393,0.0002876881664423405
70400,0.005615931238039181
70405,0.0005376725138723326
70406,0.009088909155667546
70408,0.009241294189890671
70411,8.545341710539116e-05
70418,0.00038765570141247605
70420,0.000402106394284042
70424,0.002750269205347636
70433,0.08984252486492221
70442,0.0011129757395510538
70451,0.0001337342871833544
70452,0.002852683807703695
70453,0.006455320460295016
70455,0.00030510757712789803
70458,0.0005224495970076438
70461,0.8535218648399743
70462,0.0005362819483367012
70465,3.535205566343344e-05
70466,0.00029023459248483615
70477,0.0012897832825153387
70481,0.0007903686198420218
70484,0.04034384809626891
70485,0.0004175796006419147
70492,0.00012047199496765699
70495,0.0002674793639346794
70496,0.0002849483486838375
70497,0.001736945641055818
70499,5.131301350499945e-05
70503,0.0004576103174075913
70505,0.0006571569998115026
70507,0.0005421700709165407
70518,0.0005542554333318392
70519,0.00026707587754505195
70521,0.001225089604470673
70522,9.424454421738525e-06
70529,0.00041690843218369076
70530,0.0005302592586548269
70533,0.0012224922451954492
70535,0.0017102298924000414
70537,0.0011801809909432449
70539,0.001648128873398057
70547,0.0011256018258980862
70554,0.0037014482331688306
70559,0.663476277078734
70564,0.0037167162455768836
70565,0.4497923926827261
70567,0.000852943666559114
70568,0.000548844989169846
70572,0.003286560458009542
70576,0.0010850900651841763
70580,0.004876292578359146
70581,0.0002701229137549456
70583,0.0005628374071130707
70592,0.02259627354533516
70598,4.8781479350732874e-05
70604,7.403206744908825e-05
70607,0.0008651611459421527
70609,5.40152866219384e-05
70613,0.47765580732848445
70614,5.985844254760034e-05
70615,0.00010896930674395533
70616,0.0002616271257257734
70629,0.00048402455753083096
70631,0.40937581995166616
70632,0.000251488689720717
70635,0.002087874278445106
70636,0.00025314046401954155
70637,0.0002962266158421664
70642,0.007108001974111875
70645,0.001920369999339089
70650,0.04932966503504701
70653,0.10959623514755834
70656,8.316074284342207e-05
70658,0.0008276600056338015
70659,7.15828952277568e-05
70678,0.0007858107718276006
70688,0.0029645202457705103
70691,9.626661524709202e-05
70693,0.004607445232412324
70695,0.002767777862444881
70706,0.0003354071657725729
70717,0.7206794798598952
70718,0.00046739377234294093
70719,0.0018442892460450706
70722,4.607050179765383e-05
70724,0.0025971824724466915
70728,0.011103648285855729
70730,0.0001141841423772934
70737,0.0001657065367774095
70739,0.003406158911127458
70745,0.1144167734592103
70747,4.537917859290584e-05
70750,0.0004746342623439583
70752,0.00015667193988453093
70755,5.881320915576638e-05
70763,8.191416725767508e-05
70765,0.00010501742366321402
70766,0.00019936572150885723
70768,0.0006018880424508228
70773,0.0006964419295801966
70777,0.00040428807139884445
70784,0.1830972923808037
70788,0.00041942287452650576
70790,0.0001182283622637586
70792,0.0002709725886702164
70794,0.00013679205901602376
70797,0.0007563380587243538
70798,0.00031829328253553434
70800,0.0009367692540325477
70804,0.0004569149273187374
70805,0.00040568565760237086
70813,0.00023265940252397097
70814,0.016827703848670925
70815,2.4294018509414045e-05
70818,0.014642178264266812
70825,0.02770304075494608
70828,0.0009852892608144
70834,0.0009081530140574646
70840,0.00037955726754718334
70841,0.0034033314008029866
70844,0.0010695662537131179
70846,0.03277619931801955
70847,0.000791624173074501
70849,0.00037678033297075205
70850,0.9297857217076728
70853,0.0019305212895546083
70855,0.0004996567894669867
70860,0.0001286328342482034
70862,0.00010269224380957383
70867,0.013971728852280478
70870,7.391974479851469e-05
70872,0.002604622846108109
70873,0.000423330693337621
70874,9.852387820182547e-05
70876,9.798098647354286e-05
70877,0.03561595088003287
70878,1.0463866253004977e-05
70879,1.2672612344705671e-05
70880,0.9944909173329994
70881,0.0002519439012130854
70882,6.967255078805645e-05
70883,0.004699122814998927
70885,0.009497373318580029
70886,0.0006148375996952366
70892,0.0003725774958288588
70894,0.0005767730284506013
70898,7.072877944522202e-05
70902,0.0002354217265840548
70907,0.9794217027479862
70909,0.0022977533710099663
70917,0.0004194660323526496
70921,0.05422521216766816
70925,0.000466322071299095
70928,0.03997415143740801
70930,0.10982794988248729
70934,0.029314326543868736
70946,0.06337111884576951
70947,0.0009269729136206128
70950,2.2972871741091154e-05
70953,0.013094624394138051
70954,0.0003036237445334827
70956,0.006408885368475557
70957,0.04270082876815302
70960,0.015010892461397796
70964,0.00019346633915042706
70965,9.478543256200685e-05
70976,0.0005025213933526149
70979,5.293474566747198e-05
70981,0.0005205020592663368
70985,0.00016528645064250438
70987,0.0001301010860671511
70991,0.0002511213567265757
70999,0.0004029453734334859
71001,0.00011633397669115777
71005,0.00020404925601704202
71009,0.000300746777974382
71010,7.964253992612515e-05
71020,0.015188108423196709
71026,0.001720738708770567
71028,0.0007845740893586205
71033,0.021092804908464928
71035,0.0008859033637456002
71036,0.0005561847398997664
71045,0.0006261180576858886
71049,0.0015154449871466805
71057,0.0005993012062081533
71059,0.012026442193108233
71063,0.00043871185791247483
71066,1.983767658227592e-05
71071,0.0001585445565757262
71074,0.00021008411056615262
71078,8.169987503238178e-05
71081,0.0009492067451409274
71083,0.000645153843801743
71084,0.00022240688888643093
71085,0.04339553570510863
71088,0.0010952942156161774
71090,0.0006244556543178876
71095,0.0022953828759006653
71096,0.031820710772126296
71098,0.02447061956009291
71099,0.04134523372701538
71100,0.03189819236662765
71101,0.0014305637612604676
71102,0.008269385203476243
71103,0.00840798713405643
71106,0.0003782763596055821
71116,0.0002580009061527876
71120,0.08697055158333186
71122,0.0032116256145079
71124,0.0026004168401182683
71141,0.0014270579077746957
71143,0.006823518182456308
71144,0.0035372628651188856
71146,0.5520346908098989
71148,0.0003300691508077091
71152,3.504398074836539e-05
71154,7.374753838381902e-05
71157,0.0003399787567242267
71158,5.374911409500267e-05
71159,0.008275806944479137
71163,0.0005903432621718336
71170,0.003736405550248896
71177,0.0001530419875784825
71182,0.0001511887203272335
71186,0.00032054168267038705
71188,3.759000146699871e-05
71190,2.179361785801836e-05
71193,0.0198555772516878
71195,0.007516254061617626
71197,2.022007403331078e-05
71203,0.00429137537120627
71209,0.0014603658000709682
71211,0.00029986816968091695
71215,0.0006838722047474863
71216,0.005831199678275791
71219,0.0019259371469317866
71220,0.0011623425331182186
71221,0.00017778637137164465
71224,0.21473507312377996
71229,0.029765965873041197
71234,0.04148270803522749
71235,0.04247272056070712
71236,0.00030702351262395155
71241,0.029860308700328467
71243,0.000519484495999372
71246,6.818883436075738e-05
71249,0.004915544269352151
71250,0.007975092265389951
71252,0.0004056569518535819
71253,4.302169012604882e-05
71254,0.0003320659748921709
71262,0.00013060114804826868
71263,6.725834024848034e-05
71271,0.07895692918347007
71273,0.0037531954585637004
71274,0.00031662507592281986
71278,6.249964801560108e-05
71279,0.0014952674532315597
71280,0.0006151391104324234
71286,0.0003903818230344574
71293,0.00017566482205912953
71301,0.0001732448263735362
71302,9.970080231289473e-05
71303,7.016850110031976e-05
71309,0.019844345387118708
71312,0.0021317603728732725
71323,0.00022802678456688584
71326,6.740191018342752e-05
71329,0.0013131342589533055
71341,0.0002709702994114925
71342,0.00040217114536097396
71346,0.0019825333266536935
71347,0.00020187061262475576
71351,0.9709004206939993
71355,0.0004052968910481934
71357,0.0011360285340089745
71362,0.0002788638575359375
71365,0.0006751407591685907
71366,0.00021850960402459272
71373,2.3605070176028727e-05
71376,8.058021413905224e-05
71379,0.0003584752094081314
71383,0.029733188787113906
71385,0.00018050124944578175
71386,0.00113712014326652
71387,0.00019589970142126507
71388,0.0001303052225074639
71391,0.00019146816971164814
71392,0.018772588085463456
71397,5.789104880217463e-05
71402,0.0006699800905458097
71406,0.0004200260965657974
71415,0.00017076527149107807
71418,9.594031557046473e-05
71421,6.403977026831693e-05
71430,0.00019331358544369772
71433,0.9370134222828328
71440,0.0004437304973981798
71451,0.0006106490680628488
71456,0.7331537295868537
71459,0.0005991321796047419
71462,0.0007587906692611936
71464,0.000217999911136101
71472,0.00040213943183779277
71474,0.00013326956321947498
71479,0.017522567222464293
71482,0.0004166506711551342
71493,6.257318242694476e-05
71495,0.00014610604510589999
71498,0.0001963025917356963
71501,6.007381781444087e-05
71509,0.019294352430772658
71512,5.735354391861255e-05
71513,5.788630468927989e-05
71515,0.046086100158812995
71518,0.0002698178095910681
71521,0.0002984637579166073
71522,0.00041377229593005414
71523,0.0007616022578159881
71534,0.0005294214424525932
71535,0.00030164386883433736
71537,0.00045924349073535146
71541,1.3034694527822732e-05
71544,0.00011529742822520691
71551,0.0007452716344301279
71552,0.0008679815950263409
71554,0.019112986697533682
71560,6.90288654299178e-05
71561,0.07554013906424595
71562,0.008488356475117228
71570,0.1760893104371144
71571,0.00011811610151061342
71572,0.1324173858137497
71580,5.19022474222734e-05
71583,0.0026884791951095875
71600,0.006468367558051418
71602,0.001038296832618396
71603,0.006070625437357171
71605,5.442652292233416e-05
71611,0.0006612265781904823
71617,0.0005711635013917392
71618,0.00014431295964420217
71621,0.00015831641588436653
71624,0.002022112729020696
71625,0.9874423007159989
71631,0.002347200325353468
71632,0.991700919841376
71634,0.0001512925709916498
71644,0.0002056938766314662
71645,0.15734489874745644
71646,0.01754296723200143
71647,0.04611343918928017
71648,0.0010403948355213993
71649,0.0004356309159256554
71662,3.238016192629265e-05
71666,0.0031232750844509493
71671,0.00022494245856186738
71674,0.001181233335892293
71679,0.0008299549133658986
71691,0.0031613172573300655
71693,8.740450639782265e-05
71695,0.00040763029882918955
71698,9.21154760053687e-06
71701,4.37573934601888e-05
71702,8.259337848755385e-05
71708,0.0001873878490567449
71710,0.0010385114141195826
71713,0.0007157538398655025
71714,0.00037470007479900347
71719,0.0006467759288851368
71723,0.0017777697805831686
71726,0.00037891064244885593
71727,0.07723290481239857
71729,0.0003191117594604321
71730,0.03759716958815458
71743,0.016189552401863726
71744,0.002166667538573636
71745,0.0047819971765924885
71747,0.011880303353745217
71749,0.00024100798256379287
71750,0.0010255554528424465
71752,1.648320641027988e-05
71753,0.0014843475580873073
71754,0.0001428653898791215
71755,2.179058508909899e-05
71759,8.530934369091396e-05
71761,0.001678244233567827
71764,0.0006092658478308321
71765,0.0010666384806558953
71768,0.0003107112216733621
71770,1.4036127286760317e-05
71772,2.8007751073894042e-05
71773,0.21796844327201392
71774,0.0001339877913898381
71775,0.00022143652715022022
71781,0.0001915765150920627
71783,0.0015878012038937016
71788,0.0002860843232399705
71792,0.00019830831814181003
71804,0.0005857717489203345
71812,0.0002778119586144061
71818,0.00011849836989733312
71823,0.0037078643941598744
71825,0.06072278847353353
71826,0.0056240167830087315
71829,0.0005131625107413474
71832,0.00046293761183492253
71833,0.00027238116313112073
71835,0.0001952591801132222
71836,0.0008507865634538147
71841,0.004443945183644502
71845,0.001965902317739373
71848,0.0002289509193838181
71850,0.00018609133724109225
71851,0.0006822915568860604
71857,8.21907275067804e-05
71858,9.591538734436418e-05
71862,0.007239239335392372
71865,0.0008645944770537578
71866,0.00012325603218615015
71867,0.0026988763654926798
71875,0.0029546706452098634
71889,0.06963488326915225
71894,0.00027296869812165023
71901,0.3671062202881365
71903,0.0005630095259466938
71907,8.981560950971174e-06
71910,0.0005272429697565775
71911,7.100857920866262e-05
71913,3.985257832877822e-05
71915,0.0011810990726468435
71920,0.9488517758869387
71921,0.028032288326945997
71922,0.03757163842138051
71924,0.0011152225102974756
71925,0.5782055456075075
71931,0.021081735230446763
71932,0.0014708941007093913
71939,0.001202724759677483
71945,0.006260944136534546
71948,0.00013791380985708778
71950,0.0010261750342409107
71957,0.00015946320737173587
71958,0.0010444291454686633
71962,3.800977244328279e-05
71965,0.006925564342891256
71972,0.0055139169274984355
71981,6.0848340031279986e-05
71984,0.002810965465022837
71986,1.826744160499627e-05
71994,0.004743682308727801
72002,0.0003461777050044915
72003,0.0015476167943570263
72005,0.002256888385762901
72007,0.001112019542775599
72011,0.08177900015740842
72015,0.0019121768859124398
72017,0.00010246245770744464
72023,0.0005412278483360156
72029,0.013798163668136229
72038,0.0009538432434407103
72039,0.0010046475533643951
72042,0.007318354486765269
72044,0.0001314604831263322
72046,2.6874816491111152e-05
72048,0.00014858960426345828
72051,0.00039875484512259763
72055,0.010254040587195732
72057,0.0033581618219739
72058,0.0004295432650013913
72059,0.0005816362814516051
72060,0.00010831613301049868
72061,0.0001276498330091225
72079,5.6847734569624535e-05
72088,0.0002957083247421909
72091,0.0005952323933650758
72097,0.019787917273995023
72107,0.06303360803899316
72109,0.00022517236010250076
72112,0.002167761741867646
72113,0.0001385779080251899
72114,0.0009305017772536151
72116,0.0014282443838559535
72119,6.987922301719954e-05
72122,9.104205756075163e-05
72125,8.341736116411804e-05
72135,0.00019539274018497594
72138,0.00012955180366935054
72147,0.004586020938232063
72149,9.654065870360882e-05
72151,0.000289568918918178
72152,6.322312723249108e-05
72163,7.391811070161985e-05
72164,0.00011687360171526422
72165,0.0002244097810961988
72172,0.003967459473464664
72182,5.338437069672513e-05
72200,4.438643425817181e-05
72206,0.00015555880832583547
72209,0.0003839518349539894
72229,7.039380327500866e-05
72230,8.16199507516988e-05
72233,0.01235633917503807
72239,0.000714944204397078
72242,0.00023590692051479576
72246,0.0002772754606440321
72249,0.00030671633943866523
72252,0.00041306915743741186
72253,0.0006339518882646994
72255,0.0031488569840513723
72257,0.0006893320183655512
72260,0.003239804866542752
72261,0.00024618453195845665
72263,2.512840652945567e-05
72266,0.02957227616386987
72267,0.0008278610027825246
72270,0.007385428329751023
72273,0.0016985696151848716
72274,0.022032023728725966
72276,0.03223063789916738
72280,9.614944987629102e-05
72289,0.00538179033390658
72290,0.0005054041593941048
72293,0.00011978142026542344
72295,0.00043181679964733393
72297,0.0006337240864770749
72300,8.232011743296145e-05
72309,0.0021222327468169246
72310,0.0009609717208071027
72311,0.0008397823794263468
72314,0.0002612849789388412
72315,9.555115892944345e-05
72321,8.600292838218754e-05
72326,0.00015955150462125843
72329,0.0012054064478463065
72341,0.14502418967407407
72347,0.991595079532588
72349,9.530826753615873e-05
72353,0.0004248101961997623
72360,0.002027279796276469
72365,0.6870660255614249
72370,0.001640033589285266
72374,0.00014407909277224591
72375,0.0001964252760715368
72377,0.0002639309667757482
72380,0.00011482975452090715
72381,0.0004373619553500867
72393,0.00023182616212546233
72400,0.0004068672504248012
72405,0.00036609231446597
72406,0.0003058523033032252
72411,0.011537607346318446
72414,0.00015606900211991722
72422,6.78396103929153e-05
72429,0.0021101486899927457
72430,0.0013444800509433827
72431,0.0001822203685564799
72432,0.0004352404177631788
72435,0.0003940568523020684
72436,0.00032962954166589054
72447,8.129804052686175e-05
72448,0.0003927166896648803
72450,0.00945270493942307
72457,0.022487830536278366
72458,0.0001278156473345476
72461,0.022250861587440766
72463,0.00012488942469663904
72464,0.00027739779754716137
72465,0.0015798546113367994
72467,0.0006647830373363215
72468,0.00012201910711267792
72471,0.00095818041259994
72474,0.0059056473217840265
72476,0.05595090351465992
72477,0.040952667891617535
72479,0.0009265654496046807
72482,0.0006184942511653812
72485,0.001183579980230844
72492,0.5632257943041803
72495,0.0004751260335448721
72498,0.0006989529710760265
72499,0.9041072228629156
72499,0.9041072228629156
72502,0.00015010427961145711
72507,9.388768643209754e-05
72511,0.0692192729489526
72517,9.222042817487451e-05
72518,0.0006374462969399203
72523,5.537790250462637e-05
72527,0.003850868271198634
72530,0.007504582188179309
72537,2.5342562671205502e-05
72540,0.00019469395239481271
72543,0.003786700197879789
72550,0.022470369674008152
72553,0.0001698744214548854
72560,0.003315473317843873
72562,0.0001308544552898819
72566,0.000571061411040867
72567,0.006024865493715916
72569,0.005170563700136816
72576,9.652156622669247e-05
72578,0.002637950752036931
72581,7.308031093540282e-05
72584,0.0014445450904663711
72587,5.7911479005752714e-05
72590,0.6712395125636407
72594,0.0008892267095082271
72597,0.00029148315542732594
72599,4.151061553967396e-05
72607,0.002172823006181131
72611,0.00012030799595465463
72613,0.020793626333559308
72615,7.45903382114604e-05
72623,5.8683615314832534e-05
72626,0.004123736726444387
72628,0.09083752497439326
72629,0.008844043066674122
72631,2.379101825636114e-05
72633,0.1504637968713108
72636,8.251344049945445e-05
72641,0.00015881758476903355
72642,0.1362564285506494
72643,0.010449390283551869
72646,0.000500357365313267
72648,0.00016054946292925508
72649,0.00037059281259470517
72654,0.00022570337645012954
72655,0.00012520599638835413
72659,0.00010847765145956846
72661,0.0008286494701721272
72663,0.030870327525156806
72664,5.459337586776881e-05
72668,0.002211345661438978
72669,0.00020150187799269513
72670,5.5999766578888024e-05
72671,0.00015201322116840845
72674,0.00048238770078497375
72683,0.032143263593557965
72684,0.0005655317892998233
72687,0.7018454703714043
72688,0.00025846660989758556
72696,0.0001247197840824479
72699,0.00295613155902261
72707,0.0022157027137689475
72708,0.000273151225540868
72715,0.00016156133438365825
72719,0.0013556384121169369
72720,0.05064699040246209
72721,0.0008681172162208961
72723,0.04259940170901997
72724,0.039739159950091904
72729,0.009277152410463283
72739,0.0007447994056331946
72741,0.0017193315542905223
72742,0.00044670981866112874
72743,0.022395261338959076
72745,0.0033513796981750506
72752,0.0009495843972233219
72756,0.0018361712286574109
72764,4.781916798861466e-05
72776,0.0006078997260975565
72784,0.00022785711924343266
72786,0.009466622526589526
72793,0.0003279687043155704
72797,0.00025360686772055315
72802,0.006321016498801261
72811,0.0018185249770729351
72812,0.00017655982202780302
72813,0.00011828974107434587
72820,0.0002717172304058766
72821,0.7665852620509901
72822,0.0003354533119155156
72828,0.0006091218186937768
72829,0.0020875922881542493
72831,0.004284527944211151
72833,0.000424728355524878
72837,0.00044133413925524664
72839,0.0016071934235210989
72840,0.0006805106520033842
72844,0.017475420673042245
72846,0.0002757255054063846
72848,0.0016280022486393657
72849,0.0009327329963718568
72850,7.8207028640672e-05
72853,0.00015851139331869978
72854,0.00013488937785327706
72855,1.7649143189715076e-05
72857,0.0001191890116415292
72858,0.0008399374195277701
72861,0.00042428275970336164
72865,2.9946258006648538e-05
72871,0.0005332350457036019
72872,0.000133366240109258
72874,0.000293260399267386
72880,0.00016081944643292864
72884,0.00071987089052343
72887,0.00011300640006998125
72890,0.0003209407599485117
72902,0.000253191035373473
72904,0.0020231568088725908
72905,0.000981611179117733
72913,0.0002255236347861697
72917,0.007270348037144504
72922,0.0001074213224669311
72925,0.9790228115725013
72927,0.00048013309318293017
72928,3.572425892080175e-05
72929,0.0005703948876846873
72934,0.0004896183343991681
72935,0.06861779114047814
72942,0.00021128517322269212
72943,0.0001575081312157344
72950,0.0005536812923733271
72951,0.00011052533368121191
72954,0.001214729862245361
72958,0.00015325129007850297
72964,0.0005682211497033346
72967,0.00010026829191415224
72968,7.794048552080282e-05
72973,0.00027209248990028303
72974,0.017129594028325458
72976,0.0003438828607384522
72980,0.0003850879583440618
72981,0.00016122240060747784
72982,0.00027437833402286984
72983,0.0003292754352805771
72984,0.0004785253275683833
72985,0.0004132210926699025
72986,0.0012362779201183433
72988,0.0004726917741900155
72990,0.009718922287126947
72997,0.001322812262155299
72999,0.02989938878705131
73007,0.0012462087117481903
73010,0.0011996695171702114
73011,0.00023345829706454926
73013,8.153001717423596e-05
73020,0.0015893363870500925
73021,0.00016280724311796234
73023,0.0010459060781099008
73030,0.00062875899771719
73031,0.0008480853704776803
73032,6.237407248414734e-05
73033,0.0003148191934497476
73035,0.00105558497993018
73037,0.39104865777431286
73038,0.0006279837352022896
73040,0.005010355067988234
73046,5.250646839568884e-05
73055,0.0016205633518907644
73056,0.004143925090334271
73058,0.00040006388210107354
73062,0.06493865997744376
73064,5.3509506104081406e-05
73065,0.000220859281751897
73068,0.0013760498377442861
73072,0.00036139929416601304
73078,0.011004495752284056
73079,0.11097310073410785
73080,0.0003584888139824521
73082,0.41436090370866774
73084,6.806488694097585e-05
73089,0.006882992048275581
73091,0.00032942692822308483
73095,0.0186504122429574
73097,0.12569478786180688
73098,0.0004155295035212817
73104,9.843787594334257e-05
73108,0.0008648032482597712
73112,0.0003078075392872619
73114,0.00039946921101627255
73115,0.02743751683004143
73118,0.0002130008276862528
73119,0.001454886617573532
73126,0.000721639728637917
73127,0.00046417156898262906
73129,0.001655647275408329
73132,0.0004860525500366262
73136,0.0012520054441481695
73137,0.002624533178332973
73141,0.0004384519259702058
73142,3.645959889315138e-05
73149,0.002162064575490981
73151,0.00025430008051969345
73152,0.000568271777058016
73153,7.418339221539495e-05
73154,0.00012751372359647188
73161,0.0019481123334549497
73162,0.00035645171020353447
73164,5.9413943432192376e-05
73168,0.00015039816749662632
73170,0.00805612299570792
73176,0.000245879014808373
73189,0.0005272365065351863
73193,0.00031721709899108964
73197,0.013212223256762384
73199,0.0001294707884662867
73201,0.0005964238251278605
73203,3.5006332692739396e-05
73207,0.00010293433863569184
73208,0.0005083413543715154
73211,0.0002631611812016177
73218,6.284929529892395e-05
73220,0.000250775479330223
73225,0.00018206790762890433
73232,0.00042163083636611735
73235,0.9605815417668837
73242,0.0007823088007407215
73243,0.0002853248183768047
73248,0.0018779032693832538
73250,0.012180669434216
73252,0.00014936700453272936
73253,0.0002859634996426932
73255,8.639485647200261e-05
73257,3.2806259095058394e-05
73265,5.00056799213554e-05
73273,0.003066612958380087
73277,7.486407152931336e-05
73289,0.7669841422996025
73294,0.00019861769162558813
73300,0.0009406932438653857
73304,0.01031412656070768
73311,0.0001231948365916218
73312,0.0021036474454363455
73313,0.002219937725541992
73318,0.02136469422540852
73319,0.0032265836499803854
73321,0.027512228050207845
73322,0.0025927278422895415
73328,0.00019608296525150235
73334,0.000559547125311057
73337,0.00030723308018296115
73339,0.00043540840795428665
73345,5.6796981741210295e-05
73346,0.0007769924307402604
73347,0.0008229541990755182
73353,0.00015638073075520897
73357,0.0003981234266128954
73358,0.00017426677066351197
73359,0.0008815667562482833
73361,0.000147145864585663
73362,0.00024453533311569956
73363,8.614341646150086e-05
73371,0.0012863205747608592
73372,0.0030582314484695564
73373,0.012060825176288975
73380,0.13072174203600326
73381,0.00010701196934516174
73388,0.0009969299716101924
73390,0.0009561359204797286
73392,0.00015306041969414454
73396,0.0001975685582770514
73398,0.005622555494100697
73401,0.00040901779397814237
73403,0.004078898500687831
73408,0.0002374576099620319
73409,0.003414106972905829
73410,0.0004934849575709038
73415,0.0012821013333968523
73417,0.00016182955065579364
73422,0.0008439037967674916
73425,0.001376009450190579
73428,0.008614481894023139
73444,0.04739283601164636
73447,0.0003625490179217267
73462,0.001536138715909644
73465,0.031052253620411623
73467,0.00013338999415473066
73472,0.0001339226617594821
73473,7.405750188449932e-05
73476,0.00037661455820931704
73478,0.0012007539553736736
73481,0.0003347947031182913
73485,0.0001378288520234377
73488,0.00024952951762182937
73492,0.00014695428183375027
73495,0.0013476869117640452
73503,0.01048778551268067
73517,0.024478710035637796
73525,0.0010356825711874567
73526,0.00010080795185288008
73533,0.005497814361608396
73538,5.9908021991016426e-05
73541,0.00034145190630453836
73543,9.49118914766247e-05
73549,0.0002358740260181263
73554,0.0007056417742691032
73561,0.00029634875347864166
73562,0.10269801015208462
73563,0.011911516603929102
73571,0.03734577402705173
73578,0.003123326912780087
73579,0.00048463239679764116
73584,0.0018399923200154533
73586,0.0010937424348812126
73587,0.0008432439209825512
73589,0.002306299467744762
73593,0.04243099139608083
73595,0.0033096091235981953
73598,0.00021775109589076727
73603,0.0007230642807566084
73608,7.120115689714043e-05
73611,0.0016201861205703582
73617,0.0014924209814166233
73618,0.0007231324026317895
73621,0.001104334337714161
73623,6.039596298315008e-05
73629,0.0002777102280567007
73634,4.3424687119499356e-05
73635,0.0002459658745705289
73649,1.0651822270726516e-05
73650,0.00017357996960430612
73652,0.00011938884263130343
73654,0.0004537170006138452
73657,0.0007729505779521786
73666,0.0005852012462627379
73667,0.0005880272420122469
73669,0.0013283267283122745
73672,0.0011786013174502684
73674,0.9712371571754737
73677,0.00023532660582637095
73681,0.014376367057739606
73682,0.0018187792807993724
73688,0.00018269948952455835
73689,0.00017948371273988374
73693,0.00016927723342176256
73694,0.0003190401362972476
73695,0.0006132589689487842
73702,0.0011656426341311557
73703,1.696434731020359e-05
73707,0.02803260337401074
73710,0.006336339524344863
73711,0.004162245063063554
73719,0.033575490278622694
73725,1.8131964367462757e-05
73729,0.000231212912024155
73734,5.620352868125693e-05
73736,0.00024508046389989273
73737,0.0059397779627462415
73739,0.00042451486419629034
73742,0.006444768243849768
73747,0.0003992407721150641
73748,0.0005482182639280001
73751,0.000202602186681006
73752,0.00013601175058592407
73754,0.047728650463671536
73755,8.490326849626795e-05
73757,0.00016057117701675987
73759,0.0010352630830112591
73763,0.8774842642751607
73765,0.9808916408829553
73769,7.380915945608604e-05
73771,5.440140304782844e-05
73772,0.0009921202018848736
73773,0.0031025456800251364
73792,0.010220867851292902
73793,0.005670245320198218
73803,0.0003612552751060746
73807,0.000277004729959814
73809,0.06418719880971212
73813,7.107256628743322e-05
73814,0.3678648663392665
73816,0.00039012458020615503
73819,0.0006437929724322569
73822,0.00013597844180862504
73824,0.0003081088535168987
73831,0.0005033057980030464
73836,0.000743266192820317
73840,0.002263019811316906
73844,0.0011404996336003294
73848,0.00013054665904444726
73853,2.78841899022474e-05
73860,5.865713976475567e-05
73862,0.0015814168621641044
73863,0.00019147817915418273
73871,0.00010240268753046726
73882,0.0009462053119706766
73883,0.0013516846917247954
74060,0.0036241925598868513
74061,0.00029335129969929676
74063,0.0002453229384993337
74067,0.00011936571819604976
74072,4.9752738931315585e-05
74073,0.00011356076825607165
74074,0.00017697018056519244
74075,1.0016256988562658e-05
74079,0.003288787365527139
74082,0.00036089624771733903
74084,0.0009831139066640345
74086,0.00025668346365711765
74088,0.00010444944532559885
74093,0.0010028514188723193
74097,0.0022084166598540706
74098,0.00022120571311178258
74102,7.078648545211133e-05
74104,0.0024596397196127713
74106,0.0002876437484124846
74107,0.00036941689821582985
74110,0.0019611242235687927
74114,0.00280188364514382
74116,0.008871517252332354
74119,0.00023122098412633378
74126,0.0004188322806545549
74134,0.00048080497492292807
74136,0.02520384055483444
74137,0.0005251130325589016
74138,0.0002127845552817495
74144,1.5938970386335277e-05
74145,4.391686637460589e-05
74168,0.0008396300000314758
74182,0.0006629451992303888
74189,1.4953099694805156e-05
74192,0.00021342745473802125
74194,5.2332800178697546e-05
74200,0.0005883731659027266
74202,0.00034920707547089465
74204,0.021463439830491607
74216,7.767080213845346e-05
74224,7.883957497341101e-05
74230,0.0002785903413682835
74231,2.73001893038322e-05
74254,0.0001049731925801537
74255,8.622534257240373e-05
74257,0.00010215593165252718
74259,8.383750942816797e-05
74261,0.00014870035379452046
74262,0.0035340866100206647
74263,0.0018198914412369748
74266,0.00030423003134209315
74269,0.0002005975565738223
74273,0.00029763829581887235
74274,0.00010174313809745397
74282,0.00039109827197741383
74284,0.00011808160362409275
74285,8.744626437635566e-05
74288,7.24766880418785e-05
74290,0.007822677584379354
74295,0.9305100599681304
74304,0.9115650845299648
74305,0.00025102631583513073
74306,0.0007132525843083224
74307,9.770847145793228e-05
74312,0.0001395375485865187
74313,6.37995200206654e-05
74314,0.0002553267458616981
74317,0.000283359259574283
74320,0.019661634407843853
74323,0.0003261516190219259
74324,7.150814890713218e-05
74326,6.494267221725411e-05
74327,0.00017087329783433222
74330,5.5401020051553375e-05
74332,0.11717062370441395
74338,7.025261078674348e-05
74340,0.00042656638677318517
74345,0.002512776559304092
74348,8.58831169553831e-05
74352,0.002955798139064095
74358,5.9890960280241254e-05
74368,0.055323978186387845
74370,0.0007218558308946705
74374,4.1111185845148224e-05
74376,6.95248767897989e-05
74377,0.0006066869388321396
74384,4.33173126117143e-05
74388,0.0005411505457642178
74391,0.00023208505850339477
74392,3.1141238685289475e-05
74394,0.0001251382829692895
74407,0.00017528638455291396
74408,0.00344453536997031
74417,0.00023989998871735909
74418,0.0004696111718843903
74431,0.0034401666447013775
74433,2.5874667940433794e-05
74434,0.00016014281382563655
74438,5.648198034500092e-05
74445,0.0019044082627837269
74449,0.00019424840704892527
74455,0.0011003278097227696
74460,0.0010539151476703396
74463,0.00015703366208488968
74466,1.9944562309388584e-05
74488,0.0002575713242866031
74493,0.00033304091873342836
74501,0.00014912863465422644
74502,0.009067667485602227
74503,0.0004655892727154859
74504,2.4694573478784765e-05
74506,5.481731944488578e-05
74508,0.00010227886760458976
74525,0.00011771237086430754
74535,8.549910122573683e-05
74536,0.001619490543867097
74550,0.0022833952319785745
74555,0.007452426249384367
74557,0.0002798593294858846
74558,0.015381372188772856
74560,0.0006954933210062445
74562,0.00022533472622470206
74563,0.0015709159789277704
74576,5.037696461333024e-05
74578,3.329540452138314e-05
74581,5.334647519716641e-05
74582,0.0007955622824791671
74588,0.00015643223480267602
74590,0.0001549326832606733
74596,0.00022490771115713244
74597,0.0005518637104035056
74599,0.06963680630788285
74600,0.00010415725753803766
74601,8.24817394211306e-05
74609,0.0004994512221337484
74613,3.522065512795517e-05
74628,0.008724830354394059
74629,0.00018603144789665208
74635,0.00035844660354501014
74636,0.00016906005875725485
74638,0.0018777739260024799
74641,9.479756872512404e-05
74644,0.2002629830257678
74657,0.00015588790717797863
74658,0.0002372930819479505
74659,8.101331264523258e-05
74660,0.0001893848426216456
74667,0.0002101853316361216
74675,0.005502743909580191
74676,0.004633198271043004
74677,0.0001749893178444789
74686,0.00015756939183742268
74688,0.015543732202469743
74689,0.0049918015690556235
74693,0.000497325366897423
74695,0.026235457094370324
74697,0.004753788464669214
74706,0.0022084082032307424
74712,5.956384342034648e-05
74721,0.0006451020642171969
74729,0.007959768643506603
74730,0.019308614428993197
74738,0.020382617975484622
74741,0.008644385466468268
74750,0.0001579878179600847
74755,3.6211368098553404e-05
74756,0.0003151246250667032
74758,0.0002654916087751063
74761,0.00039403819643681016
74762,0.0002914217534006132
74765,0.00017072343001340182
74766,0.23646183035301716
74769,0.049770100838618866
74777,0.8474966488402936
74778,0.0229433378171536
74780,0.00046469419665585467
74783,0.00029432440804297327
74785,6.455221667675044e-05
74795,4.372245436760148e-05
74797,6.432591123007564e-05
74799,8.745339220482793e-05
74804,0.00011208653268510022
74805,0.00013542871918346608
74808,0.0027218683067510067
74810,0.09021912743562352
74814,7.513314133172214e-05
74824,9.173280305726937e-05
74829,0.007313489716205128
74830,0.0003023851927412921
74831,8.999023972805536e-05
74834,5.499951479382231e-05
74837,0.00010240295408582891
74838,7.695859050736801e-05
74857,0.001477343063303503
74860,0.0010709855021372077
74862,0.002334631839474811
74871,0.00012205881774709794
74873,0.0033153152084284473
74878,6.932905772311607e-05
74879,0.01685677942166081
74880,0.039555263505526045
74882,7.503527821447276e-06
74883,1.5964637134346877e-05
74892,0.48122346942573313
74905,0.00011556043415456227
74912,0.006687992989519619
74914,0.02287844942599848
74915,7.611307992770843e-05
74917,0.00015419107675763402
74920,3.1284236453116887e-05
74923,0.00018248959449675736
74924,0.00013077252979020097
74929,0.010645914072370213
74933,5.360128612860737e-05
74934,0.0002959546745104058
74936,0.004129870682257571
74938,0.0046368252913883525
74939,0.005656169687935234
74940,0.013311409898134716
74942,0.00024003076819748215
74943,0.0006435520767781643
74945,0.001338436595241927
74953,2.8629421332624487e-05
74954,0.000329998204795248
74956,0.0002636104265636067
74958,9.642463836974403e-05
74959,0.04060094554180894
74966,3.554809775463672e-05
74970,0.00040406575789341204
74971,0.00037322368510105954
74973,0.00017191582645723291
74974,0.00039531381813328784
74975,0.01785138321131531
74978,0.011352964079957098
74979,0.004015108980051166
74981,0.9885116726328298
74990,0.000824290634749657
74992,0.007867568109555866
75006,0.0015520328938500476
75010,0.0002374441792389826
75012,5.756073616217033e-05
75027,0.032183832076809964
75028,7.138079733438038e-05
75036,0.00017400739232255666
75042,0.00029365165789696035
75043,0.0002529134644094266
75044,0.00031281729584269914
75046,5.987593758488081e-05
75047,3.204939336726701e-05
75049,0.0006875685939849823
75052,2.039717005835239e-05
75057,0.00012488486140462473
75062,0.0005391768220015979
75063,7.774139718773496e-05
75066,0.0057352387188825855
75068,0.00047508972597493364
75069,0.0001422836564406973
75077,0.00010254419894659935
75080,0.00032453723041819935
75089,0.00011089025630041374
75092,0.0001656756265363969
75098,0.00020071000546558588
75101,0.0012862556449210107
75102,0.0009789726703634861
75103,0.00028291436176764605
75104,0.00027686641186448264
75109,0.0008081860492193354
75110,0.00011900315657726407
75112,7.696405399252499e-05
75121,0.00037707770504641033
75125,1.3952370185075318e-05
75127,0.03300624516362319
75130,0.005641345657450054
75131,0.0032027885553445054
75133,0.03910198655223713
75135,0.5914979321238225
75136,7.835487099965444e-05
75137,2.538780448210586e-05
75138,4.5241630217883945e-05
75139,0.000128904361867341
75140,0.0004207692880747319
75148,0.004366380621313188
75150,0.004541170386731787
75155,0.002855163237730016
75161,0.10849212869365973
75163,0.0006091904394263107
75164,0.0009216927370140364
75166,0.00033871450827468487
75175,0.024479773314910927
75176,0.002791322896413635
75179,0.00013663733770147708
75183,0.00026518213117135745
75185,0.01338711606854369
75187,7.445539909514898e-05
75188,0.00018603620396181846
75192,0.005614590390264478
75194,0.0006647002666954869
75206,0.0002841428293117249
75208,0.00024819430021905727
75209,5.4869381191977234e-05
75215,0.00036871953317973766
75217,0.0007857214096370624
75220,0.0010276799655126686
75221,0.004060898793010985
75222,9.780446673129554e-05
75225,0.0029115812148036756
75229,0.0021705170492645883
75230,3.775287309771457e-05
75233,0.000608118944650991
75240,0.00029290528090786515
75248,0.0001624183891988705
75249,0.00015784571306071073
75252,3.394001728361503e-05
75255,3.974523533646876e-05
75258,0.0001772844439784405
75259,0.0005184748637624944
75262,0.000592866180727046
75263,0.005830602806118681
75264,7.627572415985456e-05
75266,0.8699812759078657
75268,0.9998088852069121
75269,0.9142170656692987
75271,0.0032036941064313646
75273,0.8060384457236117
75275,7.970432226564542e-05
75291,8.781256399065116e-05
75296,0.0015717117082580513
75305,0.00014055583493425888
75307,0.0007139992950867988
75312,0.0013058645388378453
75314,9.918608216016422e-05
75318,9.498491107428402e-05
75319,0.000232959154782544
75320,0.00047284529382043045
75321,0.0001690189584549716
75324,0.0006107597110736869
75325,0.00041901013588165786
75326,0.0016867312277994162
75333,0.00017785140601096224
75335,0.011436814696580424
75338,0.00013190321872311885
75341,0.00873507169203016
75342,0.0001444499201144892
75344,4.278365850405951e-05
75345,0.001205433894981105
75346,0.005108698754513922
75348,0.005315489866464469
75349,0.0006239919944947828
75353,0.000184913297686724
75357,0.00016993998210042513
75362,0.011207309439424752
75363,0.00021054414528825626
75365,0.046569121497653854
75366,0.0008172175033417262
75382,2.7060499657510074e-05
75387,4.5679690114736815e-05
75388,0.702520260803518
75400,8.266922266072167e-05
75402,0.0009533154069674991
75407,0.00014757407236784182
75408,0.0017774239265987242
75414,7.671507935943714e-05
75416,0.00019401315298647374
75422,0.00011394597154281384
75430,5.4953304371275424e-05
75440,0.11873873385906997
75443,0.0002945949888934035
75447,7.906218839646722e-05
75452,0.0025367340159484675
75460,1.222739650583218e-05
75462,0.002393844751679393
75463,7.670035934992874e-05
75465,0.00018361722122842188
75469,0.0006659061491044
75485,0.00012953533028333916
75489,2.8107231652190296e-05
75493,1.508951696396554e-05
75495,0.0003819876179389965
75496,4.770474678343422e-05
75498,0.00025056910911498134
75502,0.0064703345103478225
75503,0.0003199332398253311
75508,8.77101207467761e-05
75516,0.0007174595948120029
75520,0.001704127570284666
75526,0.008173470047671012
75529,0.0012778495561433692
75532,0.001219840331252914
75535,0.12084623766460931
75538,0.005622858526167091
75544,0.001107736167841893
75548,0.0017359605955808881
75556,0.00151995908169175
75560,0.007989689570777432
75563,7.975005987364573e-05
75566,5.285130005809867e-05
75567,0.004478941348013816
75568,0.7256556622794552
75570,0.0005972397237084243
75574,7.16594344901951e-05
75579,3.182707066341726e-05
75599,0.00036220685307441504
75603,0.00016892335783664234
75607,0.8978909139100099
75608,5.199879324303011e-05
75609,0.9972931933868134
75610,0.9867416167010861
75611,0.0003014417401340932
75613,0.00041155714685432623
75615,0.03205767334027701
75624,0.016188349700613145
75625,0.0002600459974789927
75626,0.00037885710519636347
75627,0.01931982647171399
75629,0.002979993295545956
75630,1.828002108098965e-05
75632,0.000393870262478876
75633,0.001417178451643353
75635,0.0004229286609805089
75636,0.021813550110577954
75637,5.6991381912597335e-05
75638,0.9780905524561427
75650,4.4363835795351984e-05
75651,0.001856179885246854
75653,0.007093987943651024
75657,0.00014137742074733304
75664,0.0001525141801539757
75669,0.00982094873970183
75671,9.67201705203671e-05
75672,0.00043819996568542215
75677,0.000326137786620562
75682,4.2106816482684204e-05
75686,0.22080515489651353
75692,0.00016136663884527136
75698,0.0010219495932950974
75718,0.0002719268721489191
75727,6.793308999748206e-05
75729,0.0012834001152276643
75731,9.247700256552719e-05
75732,0.0007168821982392516
75736,6.116353338799596e-05
75738,2.853352244864829e-05
75741,4.714796065145495e-05
75747,0.006696892806960729
75750,0.9988187789876002
75763,0.0001468966787451374
75765,0.0007812652965629868
75766,9.344839661085407e-05
75767,0.0002578440054644163
75769,0.0006767789017469372
75775,0.0007023243693197999
75777,0.00036196153034563877
75778,0.055744949505190794
75783,0.0002763296536334271
75789,0.02543683157566628
75791,0.01563631143840941
75795,0.007117254674542169
75799,0.0005439666304657183
75802,0.0005146987354375256
75803,6.872622418580091e-05
75814,2.748965976489307e-05
75816,0.0033585985973435995
75823,0.013672902898588211
75825,9.064078690437806e-05
75826,3.805389074147718e-05
75827,0.0001266353154739335
75830,2.0891774568673334e-05
75831,8.725309047588807e-05
75832,0.2382888368528266
75833,0.04714943899494787
75835,9.188607605397596e-05
75836,0.0003266833095347628
75837,0.00020232746564670888
75841,0.00011523306016214348
75843,0.004366246796684211
75844,4.779602400026923e-05
75847,0.00016402296639205443
75848,5.555166287667129e-05
75850,0.00278133337119252
75851,0.02994976420272365
75853,0.0001184009441224809
75855,0.00227354069167168
75856,0.00015032907742839198
75857,0.00027287992470100946
75859,3.607419808278345e-05
75860,1.0314572542760318e-05
75861,0.004523648330215184
